video id,views
9v_rtaye2yY,"348,424,589"
FlsCjmMhFmw,"201,179,882"
oYL6kldXWkg,"599,621"
mebZJFd8_Vw,"1,030,652"
dDAlGl_8f9U,"1,590,925"
aJ9XruZm_Hg,"449,644"
blgS56pESPk,"2,618,836"
_9YMpuLDnwo,"241,097,879"
Z2Y8jGrkrDc,"654,628"
iMg9ibfcBnM,"258,583"
fuHcdFPBKy0,"10,621,485"
EZSCtgfmEO0,"3,197,931"
MUB-h2NeQYA,"284,998"
O3bqhRN2thM,"47,163"
oKeF7K2VZtQ,"134,243"
AM1pavPRU8E,"558,160"
6bJRu0_p-Ig,"240,333"
0ZAA9Y4F37I,"53,454"
xi8u9DcC0_Q,"945,686"
Sl-NvOZ23m8,"223,378"
cSp1dM2Vj48,"27,034,093"
QsLmJq8cHlA,"1,461,175"
ySBjb4_JGtY,"144,008"
kl39KHS07Xc,"3,708,985"
mkpINSUnDpA,"10,533,708"
Wff1pf2EdS4,"830,141"
LiXQFixzqJ4,"158,600"
tvs3yvEcARA,"350,327"
TzQe4sqjZT8,"230,531"
0v-6AylRH68,"4,752,351"
r4VJ8o6yqzM,"4,337,545"
oKuPJ7zF0_k,"272,990"
1bSDtlARvPI,"996,185"
iGXYZwZEZa0,"17,263,477"
NyNQLRhsAsk,"2,124,999"
8mQelXnPxUQ,"1,131,499"
rH_sH0jPVTg,"51,746"
QbDuBTWrU-o,"1,797,292"
vgX5M1eVhyw,"178,291"
8oKl_qDJHt4,"2,083,221"
_JhaVNJb3ag,"1,654,789"
qxbS8qbBL0c,"1,361,390"
N4LQuwSjc34,"67,973"
bo8OYPYRTIY,"1,615,731"
vfqeeScKVyc,"174,011"
dw74T9x6lDE,"51,882"
gCwDzQcbiF4,"52,768"
89OP78l9oF0,"15,434,306"
BLOIU9DpLq4,0,0,0,0
Y62ExbHI4Yk,"610,108"
j7RZy2B73hw,"1,910,233"
32YGGYaUTgE,"187,578"
oKuPJ7zF0_k,"272,990"
lJkXbzQPIkM,"102,686"
6P6Ia5Qj9W0,"122,141"
H4CkXh3FSo8,"636,885"
fJJBAwiOjRI,"191,339"
EtfIzNdt9Ac,"3,921,130"
vI4LHl4yFuo,"18,419,958"
hZJDAJDD-uw,"238,669"
stMM0EsoGwY,"1,276,505"
ui05f6CoIxA,"540,206"
khPLWaBioOs,"64,558,852"
ERBEwrn4f7Q,"867,091"
2yCp-Dj5-7c,"383,714"
hMBxriQamIU,"615,636"
vfqeeScKVyc,"174,011"
eiDiKwbGfIY,"140,230,412"
wzKL-bQKcgA,"243,684,868"
bAHAwesTLB4,"1,305,821"
37z3bfXu3BA,"764,867"
GSCP2yg-v2g,"3,085,591"
r4VJ8o6yqzM,"4,337,631"
rRzxEiBLQCA,"219,844,732"
F4Q3kWZ369A,"12,565"
8J2q99ApzGs,"283,569"
b9lb2x_OHOk,"478,547"
t0N7Vv7bafU,"356,225"
-RUbNqpwOt8,"4,401,275"
X9QiHlEC22U,"314,777"
TOdGYZ20oSc,"1,040,281"
HJqALBKE4r4,"85,025"
9OeZYhjyweQ,"722,785"
_JhaVNJb3ag,"1,654,789"
skFCPu6elew,"75,152"
MYmQlBpF5e0,"2,370,771"
hOulcmOHCIQ,"4,150,967"
2--Pg-y3xNk,"225,917"
noUH5aYUBx4,"2,979,693"
6xe64i_4GhM,"411,004"
0b6l7MIaGdA,"974,818"
XkVwqEdYlNA,"3,783,575"
IjFxx9SrOTU,"146,256"
t7Fa1GUf-LE,"398,671"
eQTcXGk9BRk,"58,456"
Jq_98dJuIck,"668,409"
0XARMt12oFk,"1,376,122"
JcdLF6XQ0iw,"35,824,593"
fA9Ypn3jQw0,"383,211"
2ckenWENyUg,"2,404,539"
de7GaRwrr8Q,"184,140"
IfkWuQY0ti8,"336,383"
jVbuBGSfLC4,"102,538"
dedaP9ym-hY,"4,101,319"
hphLiGW6FgE,"56,125"
MFWF9dU5Zc0,"17,252,452"
-2b4qSoMnKE,"999,356"
wHedpg7buow,"164,655"
BBQ-2BUGQv8,"103,190"
4vZJn6r0dRw,"2,708,212"
OsSKFlk8oEo,"3,710,028"
c835XURBeLQ,"486,428"
h_67XloYXTc,"3,708,978"
AenmqoozqoA,"20,572,400"
8eo-L_3OWAQ,"4,553,852"
N-3NfWJHNhg,"478,536"
Bn02bclCu5A,"155,848"
KcFQfFB5LDA,"87,695"
3YVzBkKAbAs,"794,179"
0IC3II1i5yM,"120,869"
lSXxEdaOqgU,"997,998"
_odvYvbW9VM,"1,153,567"
GEB2f5dpFXs,"12,102,830"
zLJsJR0O6VI,"3,606,825"
y0BlGqwLLGQ,0,0,0,0
7VC4zX1vDE4,"643,331"
nHaBEgkMQVw,"979,787"
FfSXmbAGl8A,"284,391"
B3JFSL8AA70,"1,886,428"
r1x0X5PCYak,"9,540,685"
73w5fYHqVwA,"10,676"
ox7RsX1Ee34,"70,913,137"
Eyh1_XGHAnQ,"753,791"
SA5ZUHsst8s,"332,467"
lcpxLXjYAa8,"288,017"
MnKbM9Zxtn8,"527,392"
Pymm6cmE9uQ,"5,518,841"
Wo5XO8Y8lzE,"1,531,375"
VH-DA0YgHHU,0,0,0,0
msfPaXGuSbo,"252,247"
bcZzK3m-LLo,"192,378"
t9GNMVfEiG4,"2,126,866"
wqEknnPadMA,"959,424"
XcSMdhfKga4,"9,547,688"
cIQKKzZtWwQ,"1,716,502"
nQ1aD_3igFE,"51,446"
LotoBix4UDM,"1,738,636"
2XLw9U7Z1CM,"7,812"
djJ6GAplhFU,"53,555"
15nf2EBBNu0,"33,023"
K5x_3QzLY0U,"867,610"
ryr75N0nki0,"53,748,656"
BIQK4-9YFW0,"36,361,446"
1sqyuXCwcBA,"2,219,044"
rTMgDNpXPto,"124,880"
PLAFNvxDPMw,"549,396"
j9n7Boia0po,"11,631"
RlSzahonkTk,"5,052,409"
PluaPvhkIMU,"17,610,555"
4Cc-U8uhXYk,"2,516,585"
kce9FMxx-04,"1,743,895"
sXP6vliZIHI,"93,971,093"
zi_6oaQyckM,"24,508,261"
-37nIo_tLnk,"3,226"
AaALLWQmCdI,"219,411"
2PQCLZbzxq8,"5,022"
6dlhWPDoifU,"11,868"
LS5ZSkHUqBQ,"11,331,073"
mwiKZ4qmRnQ,"642,579"
Q-v4LsbFc5c,"2,397,005"
zeO4C8e4pjw,"1,001,649"
jTW5_KvkGoE,"768,222"
MSzytvDsPfo,"1,868,416"
nZM9Ko806Bg,"768,199"
_yJq9SeGLhg,"1,302,273"
OziQ_a3Rpqw,"889,431"
yh1NAMi2oLg,"2,250,717"
_oZIbFolJTw,"5,432"
nranUeNkXpM,"6,253,018"
bWZ_Z5dgrb0,"275,966"
avnapsraeXM,"278,529"
v2OTO6UEVAo,"2,489,516"
KNEVjhCXZB4,"581,851"
ZB7_1CoKntI,"4,511,639"
XZo5o1Y0h9o,"1,833,444"
B1Kitc6cMXw,"125,345"
07Um1PY_P4o,"854,354"
JFydHaV0klA,"5,964,644"
RbNaEwp7hMw,"443,641"
WhJIUtMK1tU,"685,219"
fEMxFSjmo5Q,"5,071,625"
SFxZb-GHbrQ,"505,689"
6CPUUjAlXrs,"819,662"
7VnEPIBsp20,"2,146,752"
PVr1BbsOwmQ,"1,209,655"
lWyRTOABEq4,"468,002"
IjTBcqpl2kc,"2,971,761"
pMpQABKlC-I,"5,988,220"
zT4DJKkN_Do,"562,212"
9yWnVxe1qp8,"41,137"
x4TZEVqKIvs,"8,493,603"
K5BoE8eBzoI,"1,298,495"
RsIIT6rXnSM,"1,318,992"
fFSmOE0Uxms,"1,409,374"
CMJblEavb7g,"95,491"
5czA_L_eOp4,"493,860"
uYaN4OLxm08,"643,962"
OSBl32lNGBg,"1,297,557"
2NpetP71B1o,"803,460"
S1ke1xQ-rmY,"15,649"
aaSEdxiITJk,"270,966"
sSszA_Ugd1A,"56,329"
h8ycmroFQSs,"446,823"
WvV5TbJc9tQ,"106,776,596"
vbiiik_T3Bo,"10,511,314"
UfR5dKcKJvY,"17,152,581"
Q48VduIflPk,"6,840,345"
4E0Fhct08QM,"679,193"
S4vKQbpOn5k,"248,815"
TteS6q20VUY,"1,201,067"
buBEYGmiAJc,"53,094"
cQtYcpRGGIY,"168,888"
SV2sPlDLQtU,"149,289"
t0Ro2Yqs6mA,"79,355"
QwZT7T-TXT0,"53,393,505"
bS_Zr-Hu4Mw,"2,224,981"
njivNmUuFZs,"91,443"
JA_sKkXiQMI,"19,765"
lYtllIKb70M,0,0,0,0
mto2mNFbrps,"3,513,523"
1WREZPc-kqQ,"1,130,825"
oo9JMSiI55M,"1,467,475"
24HFgBQawWA,"462,724"
LsoLEjrDogU,"482,581,999"
72hlr-E7KA0,"1,313,075"
Y3TmKEeBUMM,"103,603"
S45Y5WQ4Ucs,"3,838,802"
ejlD0Sg-8ig,"1,322,510"
ooWd_9OAAUg,"1,990,664"
_yThFcog0nA,"2,957,941"
S0eLwrrTBlc,"17,589"
dqr-AT5HvyM,"53,786"
vXBfwgwT1nQ,"7,650,603"
GtzFWqiVzW4,0,0,0,0
3mB2fIt7vzw,"8,843"
dbMtuJ1tZnc,"1,107,900"
kQQZ2hje42E,"230,222"
tgHnvbYlW2k,"471,154"
KX0fOxBVMRc,"276,119"
F8BdzL8OltM,"3,204,899"
gA-NDZb29I4,"66,225,278"
wgqY-ojvNUQ,"286,558"
Uvh3v1BkJ-A,"1,176,934"
vKuy3NdLhlE,"206,723"
_YSVbM1saXM,"7,041,598"
Pc1Obe1BWhc,"18,675"
qmcVlPqy9-o,"6,294"
_9krQvcXKO4,"111,225"
Ysh3Z_rOa_U,"18,752"
f6Egj7ncOi8,"7,027,617"
GdR0JlvbtWg,"576,616"
DWaU47V3rMU,"1,565,693"
-7UzyXO-mzk,"4,846,859"
HzILu6yyA20,"10,435,072"
6PXz2gNNR9o,"165,071"
Xqy62kBAiLk,"25,975"
ss6qQM054B0,0,0,0,0
WKfVxoPO_Qc,"1,014,303"
dtdiFUwRQqM,"251,575"
D0aAYfRBVik,"4,082,375"
J0jgpUIbMEo,"199,474"
Js3WIRF595U,"1,144,975"
aBL027wEtg8,"1,489,286"
fN5HV79_8B8,"10,230,665"
iM4lgtCFMGw,"1,722,267"
ztLELdQDadE,"36,705"
r3W2qepsQe4,"2,748,168"
BIVGh32dVnE,"158,036"
YtbArdw9oHc,"38,240"
QDqzQwKwvxo,"48,995"
mlpS-ph8-Ec,"996,978"
TaldfjkrHy4,"643,789"
Jcghl0lbDSk,"8,339,661"
HnYKhetlm3s,"1,032,646"
8sg8lY-leE8,"3,107,784"
C2-bOy3H6Ss,"684,784"
BzzG-yDxA1c,"79,357"
1JNxKJnPDAs,"518,842"
RfFcaV5O7SU,"3,510,902"
EeNrUTiwZVw,"1,194,627"
rxUfRhVYeKI,"435,201"
hVOjyy5NuFY,"693,390"
dfnCAmr569k,"172,173,382"
k5TqNsr6YuQ,"38,349,799"
27GV1PS8_Cw,"177,144"
K8rE3XR9z8Q,"257,628"
c47kn_Y4y8A,"4,535,201"
mE9oqeXj4WY,"2,433,700"
80L97nV_vQc,"478,694"
9qRqfWJ6ONU,"378,578"
4tKdWdBf0M0,"1,466,520"
ARA0AxrnHdM,"1,026,639"
Cf3zj7D8SQ4,"3,830,672"
WKrnYjpmcpE,"354,564"
mQdBJGlnQYs,"1,433,236"
nRJuIrO9GaU,"1,612,541"
Jiia2IcFwqk,"443,365"
__-22AJoFxY,"2,465,372"
7sEKooUZi7I,"4,177"
P9mBXomW1No,"94,275"
OKgUiBOpsZ4,"2,397,833"
GLrSJJRKrDU,"604,075"
GxmDeU_4UlQ,"3,393,621"
XcdLVKYsHHU,"24,480,842"
8BQqX3bUqtY,"24,632,222"
1-jXHDiRnC0,"2,030,852"
gw82GrEt370,"6,605,266"
RCRVve3V1IY,"226,958"
A_yJqOZcIQ0,"11,589"
iyeWTFLzNZ4,"1,388,399"
iHcfeuGYuzU,"187,446"
mTHLyCqtLJE,"1,636,953"
3Mg0SCxwvMo,"211,843"
abeqEEmpbdM,0,0,0,0
zUrDUxh5xS0,"1,955,506"
aTgxG6LPh9w,"1,869,892"
gsVgqms1slE,"3,971,538"
GCTyFp0PpHE,"1,455,725"
MvFcY9rTPx8,"6,022,096"
aPrpWFl2eik,"1,930,106"
AiyZ92_JZxA,"5,371,372"
5TY79E-a2xU,"12,091"
mrSUROagyDc,"662,325"
PGH1V_yZq7k,"184,829"
a_u7g5BlfiY,"3,728,904"
lSaGEo3UfBk,"5,000,120"
WyWqEFeKX2E,"2,719,770"
kavxsXhzD48,"662,532"
akTosGXl8pI,"143,213"
FvLdEZ3mg54,"24,683"
WPkIJ5qlEhU,"467,356"
zNqSvg5qwGw,"1,278,481"
VuyaBA4h4uk,"217,479"
tYFYoLEO0dM,"127,283"
ir-_cm0BaWc,"4,648,717"
Q-oM2BQ8Jow,"13,913,643"
3BJU2drrtCM,"21,276,848"
DTErM4uuPdc,"1,212,976"
0eUk_VN3e2A,"4,344,384"
yigx1EjB85s,"100,558"
yBXcNcBnImc,"351,211"
v8VMdSQL50w,"131,874"
pccxxvvkHQQ,"86,873"
T5ITSG6KGlc,"1,272,815"
qMnjdV-eFuM,"2,098,161"
aB-UKwO367s,"5,071,735"
II-OP6vdMs8,"1,492,703"
40zKzYxwaF0,"295,771"
fQTVpWxu570,"307,178"
8EK-QMtHhMI,"2,005,394"
Hi2tjMLVpdQ,"4,133,501"
c2rEwAWHP7s,"318,590"
Lok8svIS218,"183,275"
_Ch5ClOB9AE,"788,856"
ewTQLoNPxYg,"88,132"
WAwRrtH-4Lg,"21,559,091"
_zu53yAoTJE,"3,718,929"
eACohWVwTOc,"222,563,433"
cPSpmSXNy_A,"956,427"
4ubwGb-vLA0,"4,875,216"
Oc27GxSD_bI,"403,278"
v6WdrNN9j8w,"4,841,956"
-yMXWp-Fh3g,"545,210"
wQZ95eZQtBE,"374,758"
aYnyMPc3LQ4,"8,738,092"
I92OeEHWmTc,"275,532"
qpAo_XvCQaQ,"1,328,717"
PSA-TnMwK9c,"361,481"
x2u-KEex34A,"1,641,345"
F4qfN5UeFvQ,"38,970,528"
KaTr8JC0hFA,"435,798"
sOz90t6gH-8,"24,278"
OX1ssH93th8,"3,216,524"
mSVkk9lLv1Y,"1,861,757"
wrpeEitIEpA,"2,645,395"
26qOMpjicGs,"792,493"
WMefea9aYNA,"19,678"
3TwiPa39WnM,"530,833"
QFY79W78ZsY,0,0,0,0
9o2FXVhjLyY,"160,030"
NBYL_QwYhjs,"364,848"
6DuLfoU3apA,"19,531"
caCdf94Blfw,"2,245,661"
O6K0ZPRqzFU,0,0,0,0
5g20u8EfMdg,"974,525"
z91xQ5u-_wY,"81,062"
lrWRy9BBp-c,"7,388,316"
TKhRjduXFEM,"52,421"
-kETYvHON_I,"1,765,528"
mB2UTIkgY1I,"344,095"
oWjxSkJpxFU,"29,791,228"
txHbh2PAeV4,"625,589"
lk8lozFBXpo,"5,653,828"
gvuvxLzUB-w,"217,345"
No35-c4zXjo,"2,345,012"
MLVcmQ62luE,"12,443,079"
vAh7jTAkCKc,"21,167,523"
V4dqF7UOspg,"12,600"
8MPbR6Cbwi4,"254,442,384"
8BAhwgjMvnM,"14,291,342"
Mhzmc7LRIGo,"10,123,647"
dZWNPEC6SIw,"1,539,061"
Q1CFfU2gXHw,"104,160"
kfPNxNIDHrA,"1,433,381"
ZJkc_C5-Cd8,"3,864,198"
Y-iFgDK_D5s,"24,853,927"
Cd2Ue_xw1oo,"10,172"
pkwSoJrVWAY,"7,546"
zkG4Xpz6t68,"113,311,742"
eEDZuFw34YM,"1,743,120"
WB8ozD7l02w,"845,026"
gC3Y7SowqwA,"135,909"
OGYASOBiU_E,"5,923,140"
Wk6Z7HLpx8s,"1,445,290"
hcfMZ6qjdXM,"25,377"
_QufBstcsrc,"306,854"
2fxqFJsvus4,"2,020,826"
CWAX-tiepMo,"2,361,071"
w6rzRBHy1tk,"520,364"
xIbQZpwVweE,"366,937"
dOv-1NG-YKc,"1,053,577"
zsbT6NMUrSk,"220,040"
Di4QJUCElgs,"294,491"
VRJmcxCrAOA,"104,341,812"
vCWrArYJntc,"787,444"
iuBPpEkUi8I,"504,283"
PKP8Mimj3QI,"159,931"
mdyegeGkdL4,0,0,0,0
CZ7KRUYQyKE,"1,901,853"
yKVAhDbSito,"4,492,022"
AuWwlxym68g,"1,465,411"
akNs04ef_Co,"1,067,211"
Epm5_DSfMn4,"36,352"
0GQmGOju6CE,"2,926,067"
rBUjOY12gJA,"1,975,435"
leHtDz4Mj0M,"109,483"
X41ArlJVNYc,"720,104"
0cZLo3AAan4,0,0,0,0
M3mJkSqZbX4,"60,675,784"
vorkmWa7He8,"5,325,882"
CZ7KRUYQyKE,"1,901,853"
8ll04Zzw5UM,"13,672,759"
FwzoDS3zL_4,"1,380,063"
PpElRBQ-yGc,"778,562"
CZMO9Ud0tOU,"589,109"
bLKd4XXUWUo,0,0,0,0
cOaRPJQXFG4,"3,007,584"
8_rTIAOohas,"15,849,741"
7cmzAjwmc5k,"1,136,124"
KXBYn9cwl7U,"3,544,885"
nUDX6OCXEyc,"810,169"
Zb0wnYnrMHg,"817,352"
EgUMLjp3H4E,"224,406"
gC3Y7SowqwA,"135,909"
DD4jmj9AevM,0,0,0,0
jHvSF0njyvc,"169,712"
8BAhwgjMvnM,"14,291,342"
ATFwMO9CebA,"777,169"
Ct9BFr9XBaI,"25,541,486"
4eKYR_iL5eU,0,0,0,0
kVWj8lgQvsE,"676,130"
h8FkbFoRCzc,"631,549"
rew7FoGy1Po,"846,481"
__Wd-iOZQ6k,"4,287,907"
9vDdx1dba6c,"1,045,712"
SJsvPv5Q_oY,"2,049,402"
vecSVX1QYbQ,"171,346,667"
WKPIEWcGoVo,"1,828,785"
QzT0lJPLbdQ,"2,544,524"
tojsUHxmOrQ,"816,463"
mh_hSkw9n_Y,"610,116"
w7HJZPlJn_U,"368,855"
deJYRvucj2w,"681,015"
lpkRFHSpvGI,"6,351,969"
Q0BIVH-8pwk,"3,450"
nDoQqQUa9C8,"2,113,268"
-p2lhxUqMMQ,"1,081,075"
sXe2fzd8als,"335,158"
q20_MVdB31g,"452,388"
aEM1Zelai1k,"735,975"
l992Loe-qVc,"87,906"
H5tK00zL6EQ,"298,850"
0I9vWjc9nao,"588,945"
kJFL-P-A14U,"81,251"
o2NXapQDLeg,"6,501"
IGScS6YgzBY,"14,351"
kZete48ZtsY,0,0,0,0
LKnQVCCX8vU,"1,910,085"
Qbg2p9PHVo4,"1,110,702"
zGoE6Hco4jE,"589,497"
0C3pC-uonZU,"35,041"
DhEjpq88wGw,"1,051,068"
aHjS9YBXzXU,"8,137"
OL4LNg-iyY4,"14,461,241"
OitUxz6txUI,"14,235"
9NkHIv25IH4,"805,739"
7xN52zQzYy8,"192,940"
3tUCuMSPQwE,"10,269,498"
pisY6J2Ky6U,"10,724,710"
h33u2eeVqXo,"931,638"
HEVonh8bjC0,"5,797,479"
fxNNP9kifNg,"175,236"
2RYxblMkQ04,"572,015"
exsOim0Lyl4,"2,022,035"
zzQsGL_F9_c,"4,171,188"
dNW0B0HsvVs,"13,210,401"
0gDVWPPgMKY,"2,413,573"
dAgQsoPo-F0,"589,709"
yvicqMrAHvQ,"87,293,405"
maaWSIlDizs,"3,900,617"
PDZg4veidX0,"721,801"
qmxMAdV6s4U,"7,882,633"
rcGFrdopXxo,0,0,0,0
-WedqN1iYbM,"65,964"
V69XYIRjKww,"14,038,699"
JQbjS0_ZfJ0,"159,581,509"
pKW-ZgBl9eU,"845,196"
HQ9rgYcEstM,"366,967"
a30wbmGT3R4,"75,522"
XPrHD-7jjUs,"60,308"
paNVYGfGrqI,"167,784"
DMT7EnJ_Kp8,"1,530,041"
eMobkagZu64,"6,240,315"
-txKpma65ZU,"543,620"
vXi-FfoJsxQ,"233,443"
rhhQS3ns6HU,"15,846,545"
L9FBI1kOEHo,"1,379,603"
L0xKz5TsYb0,"14,252,113"
3ILxrRlf3KY,0,0,0,0
wrPEjEqURJg,"396,824"
wJJqGh2HLM8,"21,241,413"
8ikZqUKIHbY,0,0,0,0
cUMQfRrqOs8,"266,855"
f3Xkre0GOFU,"534,845"
EP_2NXe0_1g,"917,834"
6xUPaVfmcUs,"11,368,263"
rplCCSqWXIY,"1,199,456"
JKFgn6tNU6w,"653,320"
tJFk9dPdxO0,"1,485,386"
3HhK7HbX3Qs,"2,087,492"
A3_c-aSZF5M,"617,257"
XltvwqBZIPc,"903,702"
kKMNo0QvDrM,"129,603"
76XBys_HXq4,"260,852"
3VLNxH9uX6Y,"446,892"
6xMBmvevhj0,"6,323,255"
hSvnepZS26s,"2,181,335"
_OZJ03OBJj4,"2,545,897"
b3KFfgoDzw8,"23,461"
6wuV4531d9c,"251,774"
er2kQ21ZTG0,"149,849"
AixWaRt1ulk,"30,736"
NqfJ9wIWX4E,"30,897"
af6L1jBZGYA,"2,246,593"
b1BAq8T9kqY,"334,528"
NsJkUfrqLzY,"1,349,372"
CNBGEWRdeIM,"674,580"
8LSpT5xF3UI,"136,186"
MDIQBfdmusY,"704,405"
PyXpoGbwGL0,"579,500"
1Sh6UqeRHdM,"64,011"
HhGJBBPVpqQ,0,0,0,0
wextSFa6rmI,"734,476"
v3y7FE76H7c,"733,093"
Qp7QJpLhOs4,"204,528"
gAcvbGuqG0Q,"2,682,757"
K3ZwxsTOD_8,"1,269,213"
9i3GtPIS0-4,"934,894"
2Xyf_PCf7lc,"548,206"
p3Orma1SddQ,"351,398"
cqg5oc20nxk,0,0,0,0
lGEY8IulWiA,"19,559,847"
B7AjF4of300,"2,090,740"
5q4Z7HqxFM0,"284,441"
Z_kfM-BmVzQ,0,0,0,0
fvv6TnuvT3g,"24,673"
2lyQj9M2MhY,"82,977"
mEtJAblVxxU,"1,780,093"
uEhv-4Eb9ms,"77,983"
vaIN1OLd6kQ,"339,910"
Ld57wNXddGU,"409,555"
5_O5bT3hfkQ,"3,846,704"
wjOK-U2GhIs,"1,854,876"
oe9-_fD55ok,"818,481"
T1B1CxmAXLk,"5,756,001"
DzNwinmBawo,"880,265"
ycuMyyqBWQY,"3,774,296"
0DVNtFA-_wA,0,0,0,0
J3FcbFqSoQY,"115,994"
dQjTQFRZsD4,"2,054,835"
LR2edIotyE8,"306,107"
84iujjDAqHw,"98,468"
F8CR9IP7Mog,"2,508,329"
34gHoxqZlJc,"602,480"
D_eZxSYRhco,"3,687,859"
TV42WARem_o,"1,978,087"
8ENIIcMmeD0,"876,903"
psbdT3kS8mY,"903,053"
Mjl4OReUX-c,"873,752"
hlrvK4xnLKA,"232,791"
4uTNVumfm84,"103,460,494"
TX0UsGn0GPc,"793,406"
YBpdL9hSac4,"48,464,598"
nCMGU846iTI,"1,294,111"
0QOPb9DlOfY,"131,277"
VxWhgFU7nWE,"296,921"
sZoZryCb0P0,"16,592,914"
f-xe1qxhcUI,"3,413,654"
vxfJbW6KDp4,"647,998"
7FM_MfpYOLU,"2,249,759"
NtFe5PM87BU,"4,049,083"
jCb-WcxO5SU,"2,414,958"
b03U6BYF9L0,"2,086,081"
dVNZYskqdEc,"144,513"
m-Tp8-CAxPI,0,0,0,0
PaZsrAi6iJg,"376,096"
mddRihBrWOk,"13,106,698"
XUqRem0W8L8,"62,499,071"
VTVQUw1SJ2U,"467,455"
SzB-tnaU0cM,"935,162"
KtlERZ5WnaU,"528,092"
KGBv8oT5lwk,"1,920,954"
yYeSzy30h5k,"251,238"
UO5ktwPXsyM,"1,071,788"
BHloD113J54,"1,309,048"
nqP1x8VxrTU,"4,235,884"
CP6aYDssDSE,"6,642,640"
7u6rMOvvTzU,"1,327,334"
52Y7NwbmOHY,"124,895"
lJmDmfQOWVw,"153,413"
li5fmOV33hE,"232,757"
6J-D86wfxiE,"2,145,501"
_7QuvSK-A5E,"1,989,877"
OpsHLG657lM,"702,388"
htWO0--MbQg,"3,226,613"
JDkHmQEOkYo,"447,978"
rZQepOFnYi8,"2,940,990"
GOALfmDp_Dg,"311,979"
-3nEHRN6IPg,"376,653"
2Z3yeFZyCjI,"446,848"
-35jibKqbEo,"20,989,260"
6jxRnodaKzE,"7,467,461"
9fed80dZ5wM,"618,529"
ByeyFfOHgQA,"4,929,349"
dJgoTcyrFZ4,"1,131,214"
_6lGaYh71g4,"567,221"
UCrMn3LLMVU,"8,065,438"
3yy-dKTmyOo,"78,918,117"
0eOtSEkLVtw,"1,257,979"
suEeS2v334I,"2,001,873"
UaAHl_m_ybk,"12,918,672"
htmLGVUqIos,"889,243"
ObvUP5YxAKg,"1,301,951"
nFpEuUY-zQ0,"1,824,370"
Ga7thDlGbs8,"44,101"
dAfqL3Hts_U,"42,377"
xYtsL9znopI,"73,956,233"
_KBc4B5JFoQ,"38,332,741"
Kz7R1i2zFpk,"1,441,125"
kA66nAvEEII,"1,162,718"
g2MyotPRcXE,"131,749"
1DQ9UTz5j8o,"1,164,979"
f2MZnJlDJ4c,"4,734,777"
scMSeVaE7Ao,"346,161"
rJQYzX6Bgio,"723,096"
h-nmLbZorLE,"275,925"
5XUwdZkM6N8,"235,224"
OvHskUT3XTI,"205,769"
kIHhVkkHV2k,"401,187"
A9YcrloL3oE,"4,136,747"
hpsugpjc3dE,"2,278,014"
BFWI0GQZA14,"3,494,792"
0vXLU9BnDPc,"159,644"
4EIvK9XsFRo,"120,516"
jMpXhLeiPsE,"228,907"
O4gJFUzmR8E,"678,444"
zsoh0Y_VXdY,"1,093,710"
oCAbvclXL6I,"230,404"
9-2FS7XpTh4,"116,551"
E_ViwNxUldw,"928,073"
bqFjyo7I8fY,"5,318,969"
qZHycHI3F1Q,"36,611,032"
CW70dL5430c,"347,176"
gmfH2LBCdaY,"309,403"
3LJh6TReA5w,"34,789"
MNzBFgwkU0A,"3,123,743"
5YMtjjAzxWA,"309,422"
swlpgKzTm2Y,"154,074"
d-HPZL6AU64,"7,813,629"
mdaElUyT1Zo,"11,761"
DFZmEaNqdNc,"129,510"
cy9W-ZywVPc,"6,249,637"
hmkSBiZ6XoQ,"1,799,923"
D3BJ5bt5VbA,"357,623"
-AY-HC4sUGU,"1,258,160"
Srl96IoeWJs,"201,287"
keD0IJP4Dtw,"3,258,968"
-p-PToD2URA,"1,959,721"
08OhPK2BVIU,"9,055,513"
o3_jM-Ccb9g,"202,726"
phXTecbj6NI,"397,161"
_s1M-rkDO8Q,"87,148"
YskVs5VyqHk,"7,759,321"
MHEYapANYk4,"538,588"
vQiiNGllGQo,"850,834"
0mAS2Gxs08w,"1,211,803"
GrnswGtm_Sw,"218,191"
dwvVhnQTfDk,"2,643,773"
OTLw9G1WpC4,"37,493"
-C_rvt0SwLE,"88,877,394"
T9KTTP7jrBo,"218,630"
dg2ROPhbHg4,"21,561"
q8kLoRnzgLQ,"792,639"
SggkMHx4GhQ,"2,555,489"
H0g4JxKp4fc,"3,599,336"
Hq4jk71B1Hk,"144,683"
M2YwkAWg0_g,"898,473"
9YlnHbN28jo,"417,253"
EP06RO4INws,"434,403"
oOZ_Q6qzXuw,"1,753,567"
88qeUDD9Vv0,"1,335,307"
TxY10VhmLR4,"876,096"
I-FHMnfORbo,"264,789"
i04pYZGDHIc,"1,550,814"
EEzj0HMz5Bc,"4,758,951"
YFHHGETsxkE,"3,471,312"
ms7t4CnjW1k,"73,063"
fyjt5zpNAeg,"2,655,973"
pb7CBZ952zs,"617,974"
_EMxJMU1dCo,"967,847"
cY-fuk44Lu8,"161,971"
xwXP7vB4mlY,"571,387"
JzA097DmNTI,"600,708"
_xwX82Y0Oro,"15,545,800"
WIp-QvvbsEw,"1,017,881"
bJWDajO2SZE,"3,143,608"
gmp6AGFPhzY,"4,040,319"
zuVxgSvyffk,"143,558"
ZIbI0ekrrZU,"604,374"
GbrueARGMhE,"2,452,073"
3tjHS7JRB4c,"4,705,337"
syAXXLxO8tw,"1,924,843"
2afSbqlp5HU,"892,288"
Vnn1FhYULrA,"37,751"
elwTgpHlty0,"29,140,425"
vsA_L1t4vXY,"527,133"
rU1lSmDbRZU,"735,747"
SwOZ0Dg_IQs,"45,164"
OK3GJ0WIQ8s,"69,113,326"
9bAiXJoNdy0,"510,112"
LLOB5uG6zSQ,"1,261,424"
CwKp6Xhy3_4,"8,649,082"
pRnCk5QeXdw,"88,757"
YQ1cEC6FZRg,"135,364"
JyUKqUTp9rc,"3,334,540"
Atx-0_G1KHQ,"1,655,116"
P7WRXaxu1u4,"385,124"
KijVBPwHhio,"76,786"
c7cYON3uVZo,"1,780,225"
zjgZuuE8OVc,"634,962"
uI5_G-Hiu8U,"430,978"
UEhsFEgsI5U,"2,512,791"
8RsDxpyUa_U,"2,678,408"
MuPL-PSMX0Q,"33,885,714"
RQm0nKoODo4,"2,340,323"
n-H6zIeMiUs,"2,322,595"
6-Bf9yUay50,"3,399,941"
cIkEjFiUqwU,"508,553"
mMtjGYdJOps,"5,216,042"
fKuxh0E9mSI,"2,195,621"
hB07EJhMBRs,"1,323,774"
C3_spbo8eVc,"1,291,453"
D4pdh0eTsxw,"261,453"
ESyJop31cmY,"466,261"
VQm_Y7wEzGQ,"493,557"
PW-WgdZctW0,"6,500,238"
mZ2qbwvAVjs,"224,459"
zNL_kGO6lQ8,"2,085,050"
g30Rhk82rmg,"5,088,366"
Eouvsy8JdLU,"227,204"
FApBWHvUzMs,"744,932"
3pCCjHDPq6U,"650,158"
5bJ_gb19pKQ,"6,019,100"
AWgfOND2y68,"1,224,189"
kewIE0Zw6yY,"17,866,624"
mniFYSyH7HE,"452,533"
cZF20bAAFtM,"52,148"
CvkOWb1U-LI,"376,417"
tUbky9YzPZY,"2,045,824"
aGl-1nwahCA,"8,141,382"
OBOm_jatVCI,"3,638,491"
Ek3aeUhHaFY,"7,341,111"
7Jz8wZbXuDA,"5,872,389"
d99_h30swtM,"656,957"
p2ZNmYnx7ds,"608,309"
_CFJ1u-DIBc,"257,038"
xGCnZ-9dPc0,"1,214,220"
NsFna-Z1MjU,"3,941,911"
cDZfh5IjGv8,"1,424,882"
FDbb28N7iI8,"2,810,477"
HmBIn9De-Yc,"620,855"
i_nLsG_asQg,"29,559,432"
D8mu5AgUsPs,"428,774"
P_If9xMyl10,"5,747,149"
zUKVLp4RzJA,"1,338,690"
v1j5ckZwKEQ,"2,499,543"
48GpQJX3kYY,"226,340"
-s3j-ptJD10,"1,379,726"
vqX6fkty-WQ,"226,316"
HgknAaKNaMM,"37,030,249"
n9JVbbRBqfY,"3,137,505"
73_OWzBr8Fo,"2,033,116"
oRArmtMA9AI,"55,501,846"
_suPAag6_i8,0,0,0,0
biIRlcQqmOc,"898,059"
e5D3O4yCmCg,"7,737,425"
AvFNCNOyZeE,"680,556"
mMJVmCSuxxo,"647,358"
y8lFgF_IjPw,"4,155,458"
XXRBLyQQ78A,"1,200,317"
MLTwWIeiA24,0,0,0,0
CIsfY7S_Uw0,"736,920"
ywm84JNihIg,"856,828"
Pa3ao2TVn1A,"424,087"
4HU6Z7anycw,"15,618,515"
iZUfPIKbgUM,"1,532,311"
Txlk7PiHaGk,"14,327,005"
ck2ClsAoN8w,"3,974,366"
enH3xA4mYcY,"6,626,999"
BtvRaMPJWLs,"4,942,869"
smjf3M6-1XE,"1,646,054"
nt00QzKuNVY,"6,939,775"
dt7fU9H8tz8,"4,853,084"
agUg8Fyv-1A,"633,484"
faYA_upR_a0,"1,042,967"
Sb_hCbZ80aQ,"11,284,117"
ai6NByMmCVU,0,0,0,0
49wGna0UTB8,"1,355,264"
-NcG4L0pwvE,"723,751"
6Km34EXxGZ4,"3,634,574"
oJToMo97UOU,"389,858"
305ryPvU6A8,"14,734,127"
wbxblKFtGCg,"2,380,696"
f1fXCRtSUWU,"1,490,552"
XGd1dq1BatM,"8,254,062"
iSt_jbT6rak,"4,637,083"
bcPTiiiYDs8,"389,140"
7iQn-toQp6A,"10,788,191"
OylDdm-6ZH0,"5,446,222"
ir0G79oHXMc,"3,100,156"
k3uh0MJeypI,"2,090,521"
holkOJx-TOU,"1,382,701"
aq-phmpUJ_E,"1,836,707"
7tYUMo3IgXg,"3,637,581"
9SCNLl0MQPM,"692,779"
fMaC7IeGKNQ,"404,780"
ZKWDCyVbnoM,"1,850,146"
8uBP6UL-jEU,"5,334,003"
WdOGSNQP9b4,"1,789,646"
BXnGUUsdnR8,"2,005,692"
sfMwXjNo3Rs,"461,416"
cr6H8ACWp4E,"2,024,467"
pCteBhr4dGY,"3,011,869"
vjnqABgxfO0,"16,142,936"
m7b8hitvfoE,"2,239,387"
5fZiMNo5-uo,"2,901,647"
oYe-QM8ZimI,"1,453,688"
uKkbfxTHJGI,"5,599,603"
cr6H8ACWp4E,"2,024,467"
ai6NByMmCVU,0,0,0,0
Txlk7PiHaGk,"14,327,030"
XXRBLyQQ78A,"1,200,317"
A0FZIwabctw,"4,358,999"
ir0G79oHXMc,"3,100,156"
OBOm_jatVCI,"3,638,491"
_IoOJu2_FKE,"2,583,918"
5fZiMNo5-uo,"2,901,647"
ZCPwpcurYns,"9,287,385"
S5xFft7kg8Q,"1,507,845"
iZUfPIKbgUM,"1,532,311"
iSt_jbT6rak,"4,637,083"
aC5lxLCyyhQ,"1,299,035"
in5TfQfUIBY,"555,027"
BtvRaMPJWLs,"4,942,869"
O8hm2Ml-pA8,"14,141,346"
OcTw2b0Ho-8,"2,178,610"
dx9mF1KJr0s,"6,966,871"
7gdoj1ViJ8M,"398,007"
T2uyIBURMjs,"707,371"
UJIo1AtoTss,"3,179,460"
soBb4X5Hb6k,"3,738,188"
6sHIq41sI-w,"17,943,208"
AU9I1MX0c2s,"1,102,631"
rNCT91V5dQU,"5,983,793"
jzIE_oKG9PU,"6,587,832"
FhwktRDG_aQ,"4,672,082"
IgUlowmSeHo,"602,661"
LLiXwMQW_VQ,"7,077,537"
QwievZ1Tx-8,"87,308,592"
9SCNLl0MQPM,"692,779"
BOKzXQdA4Nw,"1,026,903"
M61Vt1C69JA,"745,662"
Ba4j_q02FM4,"1,245,689"
bH8fQoYfZe8,"736,063"
_fjfo256p6s,"2,311,141"
YML2DM0K8DQ,"4,237,716"
BGszdLW-VqM,"233,466"
BXnGUUsdnR8,"2,005,692"
_UjAxuSuLIc,"470,942"
tCXGJQYZ9JA,"269,490,686"
6Km34EXxGZ4,"3,634,574"
MsPOzYbEUqo,"836,455"
OPdmg58S9ZM,"705,661"
BkpwPKZb_Zo,"1,547,045"
0NWKUHl6JLY,"562,036"
ghMEmxP0hgw,"3,517,214"
Nkl-k_rjn_U,"5,217,289"
fMaC7IeGKNQ,"404,780"
Q0sjw10aEWI,"1,951,588"
bweX9_u7S0Y,"486,145"
FwENtwtY0EI,"5,298,149"
ycy30LIbq4w,"42,203,133"
rwFfo61fVSY,"668,650"
dRfvXL-m7O8,"1,874,703"
JuhWVxLtfWQ,"343,524"
8UHMSVOHddE,"890,882"
KyQyz2upSgY,"3,568,174"
ck2ClsAoN8w,"3,974,366"
wfkZ2gXl2ak,"721,605"
9TCdWhmtxCk,"464,938"
b191evqWAwE,"326,441"
ZwoDYJWWXW0,"11,863,323"
0oBodJHX1Vg,"1,371,780"
NC-TF0SPzzM,"2,174,830"
z1Fvrmf4BXc,"12,957,911"
DCUD9kjYOAk,"2,093,123"
R_O5x0LNksM,"3,769,089"
NTN2gD9LJnU,"938,492"
EU-eQpCqBXQ,"9,755,783"
jhEBBGOD7es,"7,713,742"
PFH046Fh3ps,"2,452,659"
9x8JN8zDqis,"1,215,471"
Z4qNw1dPuNI,"950,943"
2GjJ85MImlo,"4,030,069"
lgBn6qzMlXw,"5,063,812"
5hpuoMilm_4,"3,224,710"
YJ25apqV-C8,"862,191"
AsTdC2RToIA,"4,218,580"
aNvRdg1lR7c,"5,004,551"
7BdizVgHf8I,"357,050"
pmMjkMtpnTc,"37,245,056"
lEltmPagx6M,"1,300,954"
b7zWwo9dbiU,"2,667,659"
sTwiDhosVks,"2,924,927"
bEWLOo12UAU,"299,358"
uSTNyHkde08,"1,473,704"
APASP1YKH60,"2,544,482"
sKLREPyI-dY,"2,651,669"
Hu5FZYlCfc8,"505,151"
RyquDQ5kWSs,"773,071"
FR5WT12B_88,"1,546,931"
Ml9v3wHLuWI,"12,283,245"
BWp5WAFGV60,"842,829"
yMf3dvNzXbU,"910,317"
CH3aAnw7XeU,"703,737"
u6unJQownW4,"28,734,747"
r-8NzNW6mXs,"424,756"
G63TF6OMa_8,"2,929,065"
_vrcsnkXCI8,"499,893"
oYe-QM8ZimI,"1,453,688"
Me8jYR9Q0kw,"5,692,874"
T8lWjQRhQXY,"7,543,886"
d2TrEsA3nzg,"976,113"
8dHNmfLJeR8,"1,716,154"
b8GGWHGkx3Y,"817,131"
9WFf9XY5rME,"3,793,235"
osBrGeRCVqY,"478,015"
JZ6cvJVULp4,"262,905"
j1f04Jg7IaA,"779,485"
HxuHo62reRw,"3,961,338"
L_SyKf-ETlY,"1,463,050"
PrNRtC3XfWk,"366,350"
hDEc4ImIVHk,"943,872"
oLrOtjfn1rw,"1,527,190"
KWDUojLbxn4,"1,075,232"
BPQHG-LevZM,"1,057,123"
XkGTE4WMMko,"656,986"
tG-IGNvfrg8,"3,708,525"
6_DgXvcfhYg,"1,632,392"
kxkrdLI6e6M,"1,054,069"
WOAvDQNNaCA,"878,259"
DRfniGCgW0I,"542,578"
PHLY4a5fTjU,"5,422,797"
J6R0X6NTnSw,"24,110,073"
bc5BnTYRgx8,"7,319,247"
v_8TF4nv88s,"1,651,005"
DAi3GgwhDR0,"1,243,407"
YZ1UN5gvLjQ,"3,142,661"
jHZTzXteoU8,"762,167"
mhog9LEMCDY,"5,197,610"
mwgUesU1pz4,"1,377,980"
ZCEgDAYzyRw,"5,089,163"
GBTV5ekQwWw,"4,731,951"
zPJl2e38S4g,"6,273,315"
EhSXsTSNDyo,"28,786,252"
s9ZQ6VuoN1c,"1,587,416"
EjW7WzozgI0,"16,124,208"
anDIlMVgNwk,"4,339,577"
mNKwe9k55fs,"3,271,077"
Ev23TV62k08,"1,944,152"
kbaMeEcdDfM,"895,062"
OYcv406J_J4,"679,941"
CeCgsmTjHjk,"9,223,970"
VYmfEx3taAM,"1,357,785"
km5FAAQLUT8,"1,777,669"
oZYryYLYIsM,"374,701"
cpxwX6KvWbQ,"1,601,304"
R1TSiB9OuVM,"11,163,178"
wA6_Z2X-ut8,"1,281,285"
QfNG-YJ3YmU,"2,567,939"
XWrB4qOF_UA,"3,553,347"
GjJKdQTD1bc,"3,426,393"
cYxzLGk2NcY,"2,869,215"
d1D1SJ-KqaQ,"33,061,034"
SpdgahDp2Wg,"676,130"
_NWs7ntMRBA,"9,680,701"
CvqtJTrsKCE,"848,673"
CG9yQ8PXf6o,"7,166,569"
jPEYpryMp2s,"17,082,867"
nAsrsMPftOI,"496,711"
KQRq9FZqNj0,"6,543,295"
nsZvmFUXkrI,"9,861,962"
DKPCBAlDw2A,"30,773,253"
ET6XGZqOyjY,"3,414,063"
i5qOzqD9Rms,"45,594,435"
PT2fxswWSpQ,"516,792"
8hYTPl7MkiA,"497,085"
7P-PNa0bxQg,"603,797"
zBovkx07epw,"734,162"
8B2esiq24Hg,"1,904,263"
71X7a8eu73k,"1,270,694"
3b24Q8Bz7b4,"2,113,721"
FFpIQSCp1HM,"923,463"
2QK6Usg2KT0,"1,575,171"
HxuRKqGx0Ik,"421,441"
p6E9R9qv1No,"48,685,993"
m7lFyINZlBs,"1,289,186"
NIf8LjND67Y,"568,371"
eemkTcS0zsM,"4,292,266"
FkiQ67FtycI,"1,606,618"
RiGFGXd9Xvs,"5,245,432"
CokyUUrx18w,"5,267,517"
6_-b3U9QDKg,"8,074,680"
lOz7cPJQd8E,"1,107,141"
wylMwU1wEOM,"71,515,416"
nr5Pj6GQL2o,"2,439,483"
Zo9rgbn0SMs,"958,075"
ZT0CCaKDxjg,"3,106,067"
BPmAxzEJpWA,"3,946,165"
gNvNMWiMxUE,"1,656,781"
YzTWzK2Ke5Q,"1,052,333"
KUXd7p_vd3w,"1,051,014"
mBbY2axJcWw,"260,928"
-t1q78GYNww,"265,523"
hYirFqEc8Tg,"21,348,311"
5TbUxGZtwGI,"3,766,810"
R9s5_Ji33xY,"927,124"
bI31WqFDxNs,"2,142,741"
CUNq2_VjRn4,"15,730,819"
8JfMdhrbehY,"1,559,034"
S4vxoP-IF2M,"1,407,318"
TKGA7MhxPWc,"932,153"
M4ZoCHID9GI,"332,639,229"
7_FJUSBFbJM,"1,985,985"
HuWLoCF9rWQ,"1,449,144"
mD4jp2HHu0g,"7,271,195"
h_O8ZvB3uEk,"18,669,472"
DV1OqgHb3jc,"9,468,862"
fNVUTgd4pio,"8,231,794"
KQKtSekSi94,"2,799,780"
-7_ATlZ-zMc,"3,565,770"
-xAMnJgc3oA,"663,182"
b_lULj6v804,"1,627,791"
n5IdKE3rhII,"1,162,243"
uljtvXrkdbc,"1,699,331"
4oYYVrEFWE8,"1,785,784"
HFGzgtMyOZY,"4,082,643"
U3wVDJTOzqA,"869,514"
e_FmQF9yVIU,"331,558"
EbbL8NhdTQE,"1,292,083"
Pj-D0jc17D0,"3,747,059"
H-WEhug-up8,"8,123,798"
HiQHcbFJv_o,"1,909,898"
K7imG4DYXlM,"396,437"
WACO9TqZEh0,"1,139,607"
M-Rl_kUU4vk,"514,855"
3WlhLmh7uiQ,"919,120"
8Y5-GI9hYcI,"109,530,820"
R_5Qfc7APQs,"477,661"
LX0wFKvticI,"523,350"
rzVJrBOsf0M,"488,328"
x1l-HRvwnB4,"1,113,207"
qB24uIe2Q7c,"1,134,704"
L87HuKmGwVQ,"5,460,963"
tlILlcCE8Sc,"24,028,762"
whwUlzuLfs4,"972,775"
dJCKavW22PM,"1,789,885"
1Nu_oGucpDI,0,0,0,0
GhHBfDK4lE8,"383,857"
NcsGpDFKCgY,"1,174,959"
qLaGCduQKGM,"887,460"
7aRxsmfBDI0,"1,005,070"
b2txBXQGjJ8,"1,184,026"
_rPgJ_CgiZM,"407,707"
56XbwQ59GbA,"1,310,552"
xBiB4CIq9FE,"4,668,134"
s31XTrGJchQ,"19,880,893"
zfeN12n3fxk,"1,781,827"
qpkXi0-XkxI,"2,266,838"
EQqIiTk2fy4,"1,168,554"
-EL8TuMsb-k,"859,481"
eIp7PYuAu0k,"7,757,336"
NKmGVE85GUU,"2,047,179"
t0VsbEqfAvo,"10,351,245"
CP23fL52Bes,"506,336"
20bpjtCbCz0,"32,059,558"
gR0pSSISaVk,"14,349,130"
SCq8n_hOcN8,"27,457,565"
dY2jpeasD4w,"864,826"
EUfZCJtfAYA,"4,503,883"
Hk5dxn5dj2M,"34,262,806"
-3h4Xt9No9o,"417,318"
uVcvhKTVZ8g,"20,108,156"
YywJykbEllU,"1,362,631"
lAaSh9DogM8,"292,934"
tyjVu_IFKMc,"426,600"
kUosDBUjq5A,"1,769,973"
rdsABjAP8Yg,"2,405,688"
cRTwgPj0qx4,"3,378,576"
sqkL6D0ScR0,"2,676,378"
BLXLPisBe8s,0,0,0,0
ZP57Kn9eAAQ,"356,161"
we5djgQwK9w,"5,067,555"
FBhVIhmh_N8,"254,391"
5MJpurZ9ShI,"405,100"
PZxyNX8J7Y4,"2,830,734"
cZYNADOHhVY,"2,516,071"
YKWGQyz-oLw,"3,831,498"
ffxKSjUwKdU,"550,697,457"
p6cInZvsPPI,"378,822"
fQjGRb4-IQM,"719,843"
bvh_H0LsXpk,"1,860,110"
RdAJZJd_O2E,"514,246"
zV9XlOw0Dyw,0,0,0,0
vyqCSzFZyXg,"1,376,170"
SXkxheJ1dQ0,"1,394,583"
DTDnD3MYwuk,"463,976"
ZUV53Nn3PhA,"353,009"
PAHm7SEhhuw,"3,253,247"
oY9GVZKwBhI,"3,920,280"
vecmYltEk30,"1,396,263"
DgljcMqPG98,"1,268,222"
zEf423kYfqk,"845,545,986"
NWOz3OZ6J9M,"1,859,752"
L29S0JPOrV0,"3,004,922"
4k9bXpi1tU4,"4,511,610"
GsexKH-Ubnw,"1,139,392"
C54cHGCwBdk,"985,177"
wgW2z_wXyOA,"1,031,748"
_wNZbgBPz1Q,"498,065"
8bNu6Ktj858,"650,542"
rEdl2Uetpvo,"6,250,446"
tMazN5uH49U,"2,298,090"
cUa93K56cc0,"1,244,415"
rxmtHVSVjdo,"12,827,803"
9fKALFSxX_Q,"329,641"
KksXbA66RQQ,"1,085,969"
4tpIiSqyiLo,"992,826"
p-OCfiglZRQ,"7,072,195"
FO6My1joJVc,"2,311,399"
KVit4vSAMsk,"8,458,871"
uY6lAISZQ0Q,"698,648"
_pP_C7HEy3g,"348,475"
H14tqKZYhgg,"4,999,392"
ssk48FCVolk,"2,869,309"
5g2UZr5RGgg,"1,869,304"
hDYPVhwULCc,"356,013"
2BwxeOzSx8A,"1,389,887"
uovntV3ZMDc,"7,910,604"
O4_JNAFClFk,"294,307"
DkeiKbqa02g,"351,186,833"
U0z-x5O_Jpw,"1,486,080"
7HGCE6-LMBg,"6,884,289"
OlGvjhLZDS8,"685,565"
C7lQ_jqSqKQ,"1,123,076"
9POblaMln4Q,"2,104,067"
cpGA0azFdCs,"6,336,250"
df7PZIVe1lw,"17,282,537"
DSRSgMp5X1w,"16,543,167"
AshvBTw5Z84,"4,498,202"
RxlSl-kG3qg,"436,263"
tpa4kp4lK60,"3,393,448"
T1-k7VYwsHg,"4,062,189"
2DVg-P0mZE4,"335,849"
532MxrRNJcM,"1,044,000"
sw-l5SW5hik,"2,674,360"
ZnvGy6pcGxs,"288,210"
s1APv5uO2VU,"1,119,608"
hFay0SVFxVI,"699,246"
qSKOPBVkpJk,"3,564,420"
goIXAFdlcUw,"4,323,857"
jpH-8HiMCRI,"546,133"
UE-kaxIiNPQ,"2,766,170"
kG41zm8HGSE,"808,859"
qD2yyikDcDw,"2,434,171"
1Aoc-cd9eYs,0,0,0,0
ZUSPD9zOyJs,"8,316,005"
8fbyfDbi-MI,"15,669,157"
JFmkRNbDF70,"1,668,675"
rRr1qiJRsXk,"60,789,349"
0XuOkYlUWIs,"10,048,402"
vug4bROR79I,"3,010,963"
feYykx3Fq-k,"1,028,796"
duXW_wPTw0o,"2,388,870"
UUkn-enk2RU,"27,195,448"
lCuewNV_KyQ,"835,631"
L90R6PtxFKE,"1,064,691"
N4MtzsregT8,"947,537"
oSQZ9NiLoxg,"4,723,950"
YrlVffqU7sY,"1,678,744"
6mkLWGy6Y3k,"425,756"
xf4iv4ic70M,"597,297"
xptpXSTtgSY,"367,808"
1XY8dPnIORc,"1,568,328"
Kw0ih4jPOBo,"2,389,472"
BFkTu8Y1KLs,"13,354,705"
WIV3xNz8NoM,"1,224,358"
DZJod5hUqx4,"708,072"
iGD4bBgWPcY,"630,104"
4lm75v4Ndlg,"1,943,251"
Wpm07-BGJnE,"89,739,237"
tJfDBSWYqU8,"9,949,249"
E2qtPth2W6w,"789,913"
4nq0tT_SAD0,"7,407,334"
Am6NHDbj6XA,"7,716,440"
R9YYmoJjBxI,"3,364,522"
VYOjWnS4cMY,"392,900,068"
IgEcA4RT3tw,"1,462,757"
5VGxDEh3F0g,"157,718"
jC4NNUYIIdM,"1,281,025"
kZYKnREz9Vo,"469,440"
AQxBqfy4Faw,"566,362"
p-W9SnUM7u8,"540,539"
Duc3F700lgE,"1,557,090"
4nqJiBRNQuw,"6,065,527"
uRP4nAGMYCY,"2,317,059"
EFwa5Owp0-k,"1,186,726"
PGRcxXLfWrM,"11,756,553"
NBSAQenU2Bk,"949,952"
DGdSlnw4D_M,"5,947,752"
LtBpvxdI1yQ,"163,000"
FUQexMOrDBI,"371,756"
A9QDgSTVhyM,"676,566"
SoKQzAhXkbw,"1,303,730"
iWZmdoY1aTE,"184,874,341"
t4pRQ0jn23Q,"7,355,660"
vY_5EvoL1Is,"6,632,944"
CPjWgk0UXps,"1,847,425"
6fyE0B430Rc,"672,699"
MT7RQ0gu8ak,"1,690,634"
