video id,views,likes,dislikes,comment_count
2kyS6SvSYSE,"2,921,829","102,691","8,351","22,084"
1ZAPwfrtAFY,"11,505,280","191,446","14,559","22,015"
5qpjK5DgCt4,"14,104,310","288,002","10,514","12,967"
puqaWrEC7tY,"1,236,563","20,207","1,618",0
d380meD0W0M,"4,171,167","179,712","2,872","25,310"
gHZ1Qz0KiKM,"1,855,239","31,945","3,347","3,594"
39idVpFF7NQ,"3,969,151","24,277","3,530","2,943"
nc99ccSXST0,"2,020,059","37,275","1,415",0
jr9QtXwC9vc,"17,981,748","92,864","2,682","4,945"
TUmyygCMMGA,"1,182,146","30,810","3,287","4,384"
9wRQljFNDW8,"113,501",861,43,191
VifQlJit6A0,"293,646","2,776",629,"2,182"
5E4ZBSInqUU,"52,851,192","694,321","17,072",0
GgVmn66oK_A,"1,756,258","19,135","2,732","5,671"
TaTleo4cOs8,"852,163","13,224",579,"2,461"
kgaO45SyaO4,"11,923,172","112,257","5,653","18,532"
ZAQs-ctOqXQ,"401,305","10,302",785,"1,256"
YVfyYrEmzgM,"756,985","16,488",193,828
eNSN6qet1kE,"1,596,802","53,275",536,"6,139"
B5HORANmzHw,"400,239","12,117",298,"1,292"
vU14JY3x81A,"1,622,164","41,114",528,"16,951"
6VhU_T463sU,"566,927","6,345",246,307
_-aDHxoblr4,"426,248","19,927",197,"1,211"
JBZTZZAcFTw,"893,550","8,889","1,368","1,253"
lZ68j2J_GOM,"596,338","23,601",377,557
dRpNZV18N_g,"928,320","16,221",414,"2,063"
fcVjitaM3LY,"373,028","9,073",154,641
qeWvgZLz9yU,"499,218","19,058",572,0
iIxy3JN3-jc,"89,420",284,128,123
n30k5CwLhS4,0,0,0,0
U0hAC8O7RoI,"7,710,526","114,709","23,846","10,234"
CBVGjS_EJok,0,0,0,0
n1WpP7iowLc,"59,474,347","1,179,331","74,901","133,119"
hz7ukDjuq4w,"417,310","9,018",286,0
p2hJxyF7mok,"1,729,943","7,303",536,725
0mlNzVSJrT0,"155,461","2,982",214,573
Om_zGhJLZ5U,"425,342","9,408",961,"1,924"
e_7zHm7GsYc,"722,495","13,095",265,0
dQvIbulWCM4,"1,655,761","61,619","2,410","4,761"
zZ9FciUx6gs,"1,528,436","27,321","1,558","1,957"
PaJCFHXcWmM,"2,719,976","23,422","1,059","1,444"
goP4Z5wyOlM,"44,161",332,29,0
NZFhMSgbKKM,"23,914",93,75,55
0tO_l_Ed5Rs,"576,535","22,561","21,689","8,605"
STI2fI7sKMo,"478,883","6,918","1,856",821
BWPrk9PUwQE,"2,769,270","52,792","2,627","3,491"
ogYum4kWXgk,"372,012","7,343",120,0
sbcbvuitiTc,"1,083,577","2,198","2,570","1,228"
zNqCVTs38nU,"50,328",141,77,35
DM-ni_LSOFE,"3,948,184","68,824","3,598","8,378"
0PpNlNJ6Nng,"5,551,480","168,679","2,457","21,294"
c-3JxzN2u34,"15,610",377,7,28
069D0NmW39o,"2,063,073","22,444","1,125",919
9t9u_yPEidY,"80,562,467","512,683","41,355",0
KODzih-pYlU,"287,906","9,982",245,439
8NHA23f7LvU,"4,763,376","36,744",565,"1,095"
w0XYVssCKjw,"415,144","10,041",238,671
9XSULcLI6Hg,0,0,0,0
pjuPpVLXDQg,"335,917",302,26,0
9xSx-5tmq44,"350,716","9,356",407,899
4v0nOAzcG2A,"610,955","15,641",592,"1,122"
oTObwUiXdYY,"35,583",157,46,168
1cgK-BIrXes,"1,050,304","28,551","2,825","5,068"
ujyTQNNjjDU,"24,355,479","270,990","10,414",0
PABlVzeldaM,"304,848",988,109,722
6340tX9M_eM,"1,071,725","10,602",559,"1,167"
8mhTWqWlQzU,"7,162,823","173,074","2,147","9,853"
t4YAyT4ihIQ,"13,331,220","225,823","13,095","7,770"
MNiweoKXwfg,"63,339",493,13,40
Jw1Y-zhQURU,"10,029,012","68,361","13,369","6,842"
2Vv-BfVoq4g,"1,382,225,462","7,939,438","316,005",0
UFYCTJlayS4,"95,169","3,072",254,273
cccyOn99s4Y,"134,121","4,325",168,255
abGCYPCk294,"47,115","1,602",115,888
lY_0mkYDZDU,"2,392,917","40,840","1,708",0
k8NxqyGcZA4,"330,982","2,876","5,801","2,219"
IE-xepGLVt8,"807,793","6,017",228,543
ObIQ0s02UHg,"18,673,345","129,263","7,665","3,836"
cOc3tsFWoRs,"4,092,809","30,625",675,"1,818"
AJYb0Yom5UQ,"177,632",380,49,195
gLswXiRLdkA,"1,054,097","36,175","1,618","2,272"
MyEqfBkzESU,"3,029,133","44,435","7,867","9,393"
wJYE0sFOteE,"344,329","5,225",107,260
L_5_slz4ke4,"14,758",110,25,86
OKoL852K9uA,"184,445","5,130",333,416
pa_oUisZZy0,"2,750,829","71,937",851,"2,422"
fNtLIcyjsnI,"6,971,349","37,785","2,010","1,822"
_Iz83-Cmt6A,"195,886","1,291",143,117
YlvCVbfS9M0,"1,466,792","43,038",757,"2,499"
arJ5h2TY3I4,"4,534,221","223,710","3,046",0
-2RVw2_QyxQ,"82,165",496,28,27
gEHCXl4J9Qo,"4,113,417","86,085","2,164","4,021"
-OK9i1_YYYc,"48,339","2,258",35,14
b4vTZx_AtHk,"3,702,409","128,873","14,905","13,644"
kOnQocd799Y,"5,607,896","92,385","6,821","10,274"
e4FApt6z55c,"2,299,306","31,735","1,704","2,434"
2XK4omx9uMU,"17,102,741","352,252","3,970","12,809"
xfmipNU4Odc,"1,805,092","41,925",287,"2,249"
jp9hK-jY6yY,"7,988,078","345,045","5,217","24,505"
RkHuWjiR-LM,"2,179,530","28,257",674,"1,425"
fCTKDn3Q8xQ,"3,143,898","97,990","2,172","9,070"
DIU3xPdhCBI,"4,566,228","72,261","2,824","2,646"
wnwF1FHybDQ,"712,273","4,338",268,284
9oFP-pOMNwE,"621,801","3,712",983,0
pz95u3UVpaM,"119,056,083","847,446","28,238",0
g5c1bk8weaQ,"5,549,494","378,992","3,058","13,250"
yuBqWcSKrCk,"782,746","5,599",217,286
x9mh-SwSKas,"398,136","12,996",188,694
uiA4B5Y63IQ,"1,973,918","11,000",579,988
viyRD5z6ilQ,"627,992","8,464",421,0
QFfEtKvXMAs,"3,466,844","99,202",680,0
xg9ebVTL9yE,"3,131,145","39,570",810,"1,736"
fbHbTBP_u7U,"62,384,144","904,364","19,640",0
Ja_GMU7-sjs,"2,696,456","68,356","2,320",0
QOksZ8VogRw,"11,593,300","142,871","3,467","3,640"
RYs08kX3Ih4,"627,737","24,398",662,0
tOFkFZbPdnQ,"611,954","8,824",205,0
dW4wpGg64pE,"2,930,457","51,531","1,598",0
2VP846QcA_4,"346,282","9,348",351,692
_dhneCO4YEE,"516,046","6,481","2,628","1,184"
EYkEshCOhEU,"380,040","17,717",442,"1,011"
Rq9-mW6HgQE,"1,483,865","19,453",465,"2,117"
k29YnfttqEU,"2,973,277","17,299",787,946
Eg_kW5fw6qU,"381,736","13,250",187,"3,877"
J_QGZspO4gg,"17,228,986","195,982","4,065","8,547"
PkRBTF6nt4E,"207,520","1,247",848,277
ozkqm2ifMw8,"1,027,971","19,720",254,662
htvR_dBs3eg,"172,525","3,975",196,811
qEEtzzi1EII,"1,419,206","29,099",552,"1,118"
1Wk8ZRgXQnY,"1,570,966","28,047",289,0
8l_e6bx8UG8,"2,355,077","45,424","7,513","9,633"
lsfzA7sWlOM,"207,936","8,356",183,0
RQDphL2MVlM,"106,333","4,392",141,246
X7flefV8tec,"641,163","6,537","5,644","2,448"
cYw-oyJ7AEY,"950,026","18,062",938,0
6nJw-jPQYVI,"218,131","1,516",30,133
5x1FAiIq_pQ,"263,499","3,453",502,185
LMCuKltaY3M,"858,500","5,734",380,482
6Detw08jRhs,"78,715",769,139,111
vd4zwINEcLY,"143,489","1,019",53,0
7fm7mll2qvg,"1,412,716","25,105",342,0
5gFpcEKayz4,"5,140,643","105,317","1,990","2,088"
eHIY3HNNqzM,"1,626,115","19,290",408,486
q-WipZ9p0wk,"140,336","3,084",104,275
zy0b9e40tK8,"4,559,680","33,321",866,"4,092"
rL4WkebTT_U,"239,297","11,994",97,0
Y6eKxjMA9ek,"291,710","27,602",272,"1,112"
Q6Usd3_fbq8,"125,412","6,475",28,454
44NYFvhXmW8,"9,366,396","151,692","6,795","8,221"
9wg3v-01yKQ,"28,252,447","1,101,880","24,665","65,821"
F-j_6IuaYfw,"625,846","20,285","1,053","2,158"
_qSW96a2aKY,"4,052,899","30,415","3,041",0
afgvlR9WmIQ,"1,318,038","25,260",545,"1,023"
_CJN_ryETIY,"386,136","14,002",108,621
P4YJwy_T9pM,"2,090,978","69,455",507,"2,624"
YqH4eWR7jDQ,"8,077",58,No,0
r96KpNTcog4,"192,392","11,211",109,378
B4gXsobd_ao,"117,389","4,844",149,573
x8eLIJAM58M,"1,912,622","10,754","1,086",946
6V_aZsATDsM,"68,604","1,206",22,337
qg0GdM60syI,"1,369",3,No,0
8j_BYfVEyhA,"702,435","5,784",792,"1,443"
9ymjcSvEyhk,"572,529","7,725",357,447
oB3SAI2oCqk,"7,554",27,1,1
HNa_UWX51_s,"1,394,060","30,954",690,0
08nkwgZIE4I,"2,841,550","40,213",973,0
5Smb3tZD1Qc,"778,606","4,621",384,638
YHDbsyyjld0,"130,888","7,309",35,572
uyl6WtHEYOQ,"79,392",988,36,66
bhoFXkVy8JA,0,0,0,0
_w58R1OGQFA,"85,105",965,84,53
BEweWXa5Twk,"1,410,314","45,592",849,0
egXr0PU-kCY,"2,169,456","72,282","2,340","6,993"
fIQ2Ty2OL34,"27,386",513,11,185
d_j512i2k6c,"674,496","10,069",635,"1,888"
4d07RXYLsJE,"2,432",4,No,2
DOIw62TXYkg,"6,613,893","10,594",841,"1,361"
0lbJHqAGpbA,"245,965",383,5,15
JuP1Z8xpRb8,"108,725","3,353",63,277
CR9zYgr84QY,"191,770","7,193",75,283
1640fZpYBSY,"380,523","1,240",72,549
M2-IpsWQUWs,"971,114","13,595",557,912
7m630xvAJtA,"48,258",414,11,0
510KQ_LXGww,"1,998,630","99,530","3,819",0
CO9dIyNM_9Q,"268,901",667,183,719
hX643KbiI4s,0,0,0,0
mwpHSMv1pI4,"569,642","19,985",289,"1,291"
Mfiim71QdYQ,"55,377",530,110,454
UFPSIa1cLRQ,"287,472","6,300",92,279
o78x918zbFk,"1,757,356","67,084","2,541","27,262"
iNf6VErGDLI,"3,212,804","84,306","2,920",0
6ixU_vdE0Es,"1,259,243","56,439",144,"1,553"
wRGldR_SQAA,0,0,0,0
agKDPntMv-E,"569,001","4,639",517,"1,594"
Xl38SuxyrgM,"20,462",171,14,41
u7pV4vxD1bs,"188,436",71,74,87
zYWt2mnalP8,0,0,0,0
PoNWU2cox9w,"2,485,386","39,710",775,"1,692"
6hTzM1BPdU8,"604,515","14,554",159,"1,644"
MCW5HUkrr-o,"1,446,210","53,828",808,"3,146"
YvfYK0EEhK4,"3,764,788","81,803","3,408","3,726"
cxMvzK2OQTw,"1,446,360","26,212","9,097","5,993"
bAkEd8r7Nnw,"8,178,121","160,162","3,725","9,834"
ItYOdWRo0JY,"4,676,560","53,764","53,993","13,119"
5530I_pYjbo,"14,658,213","748,411","5,847","28,758"
dUMH6DVYskc,"2,569,399","12,457","6,757","3,673"
gjXrm2Q-te4,"3,462,158","100,754","1,511","5,239"
9SK1I0V6U5c,"11,384,732","206,109","3,648","9,781"
VsYmwBOYfW8,"9,955,991","78,015","3,955","3,504"
kgaO45SyaO4,"11,923,237","112,257","5,653","18,533"
CtBca6H6Teg,"2,100,857","42,388",642,"4,438"
pcWKpGzhgq4,"1,786,318","16,410",283,660
L3br0klRqF4,"175,931",697,350,450
9kF9xY74h-E,"2,871,017","220,368",931,"10,764"
p2EY93WfBQk,"639,571","37,360",744,0
xL_qpDkF5A8,"1,969,205","12,461",311,999
eQVhAN7-IAw,"2,616,785","88,397","1,217",0
2kyS6SvSYSE,"2,921,829","102,691","8,351","22,084"
Y9nDagqKL7Q,"1,563,317","55,413",623,"2,352"
DbJ2s_g1oDc,"1,809,344","33,497","1,564","2,816"
KJ12FVmumeA,"367,894","1,808",293,909
1ZAPwfrtAFY,"11,505,577","191,449","14,559","22,015"
qDAxDcjgn-8,"635,518","15,899","1,402","3,258"
gHZ1Qz0KiKM,"1,855,239","31,945","3,347","3,594"
815lSYphlbw,"487,770","10,234",144,919
jr9QtXwC9vc,"17,981,989","92,865","2,682","4,945"
E_86MEdNsAI,"529,809","17,497",225,"1,607"
Cr9oGxr0Qa0,"433,939","12,783",159,"1,221"
g0K5QoEj7FQ,"60,207",220,152,100
l4bAoNAx2uo,"4,758,344","58,160","13,419","31,513"
TSqwDQHE1J8,"449,090","3,190",108,249
puqaWrEC7tY,"1,236,563","20,207","1,618",0
YVfyYrEmzgM,"757,128","16,489",193,828
MltuW2kcREI,"3,750,865","106,188","1,126","4,868"
5E4ZBSInqUU,"52,858,264","694,388","17,073",0
jGiqc3HSxEg,"481,344","19,415",333,747
XrDlDj9DfZs,"211,799","2,410",114,179
vU14JY3x81A,"1,622,164","41,115",528,"16,951"
5qpjK5DgCt4,"14,105,810","288,010","10,514","12,968"
Z3OZyb2iWqQ,"414,893","3,710",107,148
Hq89wYzOjfs,"639,567","6,946",393,0
vZzIS17HexE,"62,856",788,118,93
TUmyygCMMGA,"1,182,146","30,810","3,287","4,384"
lZ68j2J_GOM,"596,395","23,602",377,557
yZGSIpcAfEo,0,0,0,0
zZ9FciUx6gs,"1,528,436","27,321","1,558","1,957"
zxUwbflE1SY,"1,119,335","14,977",361,"5,028"
d380meD0W0M,"4,171,167","179,712","2,872","25,310"
7oRdswHqaf8,"71,805","3,088",51,573
oTObwUiXdYY,"35,583",157,46,168
qC0I5PEhkJo,"116,528",165,13,34
VifQlJit6A0,"293,646","2,776",629,"2,182"
PaJCFHXcWmM,"2,720,100","23,423","1,059","1,444"
0zk2SwmCpss,"116,352","1,169",18,306
SGVbdo2CkgI,"498,739","9,323",147,198
nc99ccSXST0,"2,020,059","37,275","1,415",0
NfLVVJOuY5M,"396,980","15,851",71,580
F388-6yDDpc,"1,269,954","6,864",636,"3,166"
KhdecX0qjNA,"483,107","13,560",135,363
iIxy3JN3-jc,"89,420",284,128,123
kWIzjMWmuYk,"61,645","6,496",47,"1,723"
symdi5KSJts,"1,415,642","26,647",649,770
_-aDHxoblr4,"426,248","19,927",197,"1,211"
eNSN6qet1kE,"1,596,918","53,274",536,"6,139"
39idVpFF7NQ,"3,969,151","24,277","3,530","2,943"
U0hAC8O7RoI,"7,710,851","114,713","23,846","10,234"
5hEJsoDP2q4,"1,533,988","59,947","1,401","2,695"
NZFhMSgbKKM,"23,914",93,75,55
lBHPVE3AI6Y,"130,392",460,55,0
e_7zHm7GsYc,"722,572","13,096",265,0
TaTleo4cOs8,"852,163","13,224",579,"2,461"
GgVmn66oK_A,"1,756,258","19,135","2,732","5,671"
ogYum4kWXgk,"372,012","7,343",120,0
kIUHDwn51y8,"304,269","4,968",80,683
Lz7dya576HY,"76,282",859,55,87
zNqCVTs38nU,"50,328",141,77,35
ZAQs-ctOqXQ,"401,305","10,302",785,"1,256"
fcVjitaM3LY,"373,028","9,073",154,641
kqmhCaF5_44,"128,946","1,845",142,0
B5HORANmzHw,"400,239","12,117",298,"1,292"
6VhU_T463sU,"566,927","6,345",246,0
JBZTZZAcFTw,"893,553","8,890","1,368","1,253"
eAyxMv4IBH8,"490,782","7,021",367,354
qeWvgZLz9yU,"499,218","19,058",572,0
EJu_wPGFTw0,"12,117",58,4,6
MKLlDnUqho4,"118,422","4,639",163,423
wwZ-T_WQ03A,"1,434,315","22,183","1,506","1,674"
9XSULcLI6Hg,0,0,0,0
hz7ukDjuq4w,"417,310","9,018",286,0
p2hJxyF7mok,"1,729,943","7,303",536,725
CBVGjS_EJok,0,0,0,0
i-LCORFB860,"2,794,745","2,410",662,406
dRpNZV18N_g,"928,357","16,225",414,"2,063"
vWYyZMH_QjA,"76,899","5,433",115,0
MNiweoKXwfg,"63,339",493,13,40
VJlSq6h0LNg,"7,389",18,60,61
ijJPFowBsBc,"200,557","5,470",214,346
HBS9783c0BI,0,0,0,0
n1WpP7iowLc,"59,475,095","1,179,336","74,901","133,118"
PABlVzeldaM,"304,848",988,109,722
JwboxqDylgg,"55,797",341,38,63
dQvIbulWCM4,"1,655,856","61,619","2,410","4,760"
pjuPpVLXDQg,"335,917",302,26,80
0mlNzVSJrT0,"155,461","2,982",214,573
n30k5CwLhS4,0,0,0,0
0tO_l_Ed5Rs,"576,535","22,561","21,689","8,605"
BWPrk9PUwQE,"2,769,270","52,792","2,627","3,491"
1WDj0DddCcM,"7,099",11,36,12
bqgVB6Vl-lI,"4,175,617","49,911",680,990
STI2fI7sKMo,"478,883","6,918","1,856",821
9t9u_yPEidY,"80,565,860","512,693","41,358",0
0PpNlNJ6Nng,"5,552,252","168,691","2,457","21,294"
sbcbvuitiTc,"1,083,577","2,198","2,570","1,228"
ZhSk8mPSWCg,"4,601",54,4,25
DM-ni_LSOFE,"3,948,184","68,824","3,598","8,378"
069D0NmW39o,"2,063,378","22,446","1,125",919
c-3JxzN2u34,"15,610",377,7,28
qooQd8AA7_M,"99,441,374","1,093,815","33,764",0
9KIP-Ncp2jU,"120,409",273,61,0
KODzih-pYlU,"287,906","9,982",245,439
w0XYVssCKjw,"415,144","10,041",238,671
9xSx-5tmq44,"350,728","9,356",407,899
1cgK-BIrXes,"1,050,304","28,551","2,825","5,068"
ujyTQNNjjDU,"24,356,700","270,998","10,414",0
4v0nOAzcG2A,"610,955","15,641",592,"1,122"
8mhTWqWlQzU,"7,163,291","173,078","2,147","9,853"
6340tX9M_eM,"1,071,725","10,602",559,"1,167"
t4YAyT4ihIQ,"13,332,302","225,834","13,095","7,770"
L_5_slz4ke4,"14,758",110,25,86
Jw1Y-zhQURU,"10,029,195","68,362","13,369","6,842"
_Iz83-Cmt6A,"195,886","1,291",143,117
lY_0mkYDZDU,"2,393,323","40,839","1,708",0
ObIQ0s02UHg,"18,673,507","129,265","7,665","3,836"
AJYb0Yom5UQ,"177,632",380,49,195
k8NxqyGcZA4,"330,982","2,876","5,801","2,219"
gLswXiRLdkA,"1,054,186","36,174","1,619","2,272"
2Vv-BfVoq4g,"1,382,330,741","7,939,807","316,027",0
i4YQRLQVixM,"1,344,151","3,009","1,011","1,018"
YlvCVbfS9M0,"1,466,792","43,038",757,"2,499"
MyEqfBkzESU,"3,029,430","44,440","7,867","9,394"
Fyyua5JzD9w,"56,488",427,11,0
pa_oUisZZy0,"2,750,864","71,938",851,"2,422"
cccyOn99s4Y,"134,121","4,325",168,255
9Th4qTv-4jE,"41,471",70,5,26
arJ5h2TY3I4,"4,534,416","223,714","3,046",0
UFYCTJlayS4,"95,169","3,072",254,273
-2RVw2_QyxQ,"82,165",496,28,27
e4FApt6z55c,"2,299,306","31,735","1,704","2,434"
uTH--XRCGxM,"500,518","12,659",130,224
2XK4omx9uMU,"17,103,992","352,261","3,970","12,809"
gEHCXl4J9Qo,"4,113,434","86,086","2,164","4,019"
RkHuWjiR-LM,"2,179,530","28,257",674,"1,425"
-OK9i1_YYYc,"48,339","2,258",35,14
xfmipNU4Odc,"1,805,257","41,930",287,"2,250"
fNtLIcyjsnI,"6,971,424","37,786","2,010","1,822"
abGCYPCk294,"47,115","1,602",115,888
OKoL852K9uA,"184,445","5,130",333,416
b4vTZx_AtHk,"3,702,506","128,877","14,905","13,645"
kOnQocd799Y,"5,608,147","92,387","6,821","10,274"
wJYE0sFOteE,"344,329","5,225",107,260
jp9hK-jY6yY,"7,988,390","345,056","5,217","24,505"
DIU3xPdhCBI,"4,566,482","72,263","2,824","2,646"
viyRD5z6ilQ,"627,992","8,464",421,0
QFfEtKvXMAs,"3,466,987","99,205",680,0
x9mh-SwSKas,"398,136","12,996",188,694
g5c1bk8weaQ,"5,549,617","378,994","3,058","13,250"
fCTKDn3Q8xQ,"3,144,199","97,997","2,172",0
xg9ebVTL9yE,"3,131,145","39,570",810,"1,736"
fbHbTBP_u7U,"62,388,319","904,411","19,642",0
uiA4B5Y63IQ,"1,973,918","11,000",579,988
QOksZ8VogRw,"11,593,818","142,877","3,467","3,640"
Ja_GMU7-sjs,"2,696,620","68,356","2,320","6,704"
9oFP-pOMNwE,"621,801","3,712",983,0
ttf_EzEkxBk,"3,702,980","6,170","3,575","4,749"
Eg_kW5fw6qU,"381,736","13,250",187,"3,877"
_dhneCO4YEE,"516,046","6,481","2,628","1,184"
J_QGZspO4gg,"17,229,563","195,984","4,065","8,547"
ozkqm2ifMw8,"1,027,971","19,720",254,662
RYs08kX3Ih4,"627,810","24,399",662,"1,181"
PkRBTF6nt4E,"207,520","1,247",848,277
Rq9-mW6HgQE,"1,484,009","19,455",465,"2,117"
LMCuKltaY3M,"858,500","5,734",380,482
EYkEshCOhEU,"380,040","17,717",442,"1,011"
6nJw-jPQYVI,"218,131","1,516",30,133
1Wk8ZRgXQnY,"1,570,966","28,047",289,0
tOFkFZbPdnQ,"611,954","8,824",205,382
qEEtzzi1EII,"1,419,206","29,099",552,"1,118"
RQDphL2MVlM,"106,333","4,392",141,246
cYw-oyJ7AEY,"950,026","18,062",938,0
8l_e6bx8UG8,"2,355,077","45,424","7,513","9,633"
_qSW96a2aKY,"4,053,069","30,414","3,041",0
2VP846QcA_4,"346,326","9,350",351,692
lsfzA7sWlOM,"207,936","8,356",183,0
X7flefV8tec,"641,163","6,537","5,644","2,448"
l7je4VAUvjA,"151,081",314,133,63
eHIY3HNNqzM,"1,626,115","19,290",408,486
5gFpcEKayz4,"5,140,825","105,319","1,990","2,088"
r96KpNTcog4,"192,392","11,211",109,378
6Detw08jRhs,"78,715",769,139,111
_CJN_ryETIY,"386,145","14,003",108,621
8-Cjsnq8kVU,"18,684,868","403,040","8,845","16,767"
hpapqEeb36k,"1,744,002","51,127","1,100","2,244"
cmoknv58jjE,"3,189,673","75,256","9,663","9,866"
sottGW1p5os,"13,871,214","300,886","3,266","13,342"
cxMvzK2OQTw,"1,446,360","26,212","9,097","5,993"
EEIP1YpFXrE,"4,210,950","91,288","1,655","12,594"
YvfYK0EEhK4,"3,764,907","81,804","3,408","3,727"
dUMH6DVYskc,"2,569,399","12,457","6,757","3,673"
pgjRX9oGF7g,"1,217,243","36,030","1,752","8,232"
bAkEd8r7Nnw,"8,178,173","160,163","3,725","9,834"
_BVAJ3PXZ1k,"1,435,393","25,411","1,372","3,083"
8hKbIhrb1WU,"9,887,961","126,453","3,406","6,864"
ItYOdWRo0JY,"4,676,639","53,765","53,993","13,118"
RTaDvKMtUeA,"1,928,068","24,943",653,773
5530I_pYjbo,"14,658,887","748,454","5,847","28,758"
jG1JY0rt2Os,"23,640,934","341,740","12,296",0
RrhSJzM8NLE,"2,129,782","24,079","1,323","1,174"
xL_qpDkF5A8,"1,969,205","12,461",311,999
0gwkMY-mzUQ,"1,458,117","41,023","1,116","1,688"
UwdLlnPaRAU,"2,458,864","55,891",653,"2,660"
ve3oQBjcAGI,"3,677,399","70,739","4,145","13,692"
C4YNcqNF4hg,"2,357,066","43,971",451,"1,047"
gjXrm2Q-te4,"3,462,158","100,754","1,511","5,239"
kgaO45SyaO4,"11,923,400","112,257","5,653","18,534"
k1cA-Wh3Tc0,"2,065,937","31,550","2,329","8,325"
9SK1I0V6U5c,"11,385,542","206,112","3,649","9,781"
Mn-3c6of8t8,0,0,0,0
eQVhAN7-IAw,"2,616,785","88,397","1,217",0
TN5jzDgORqQ,"831,686","5,435",376,396
9Ca8zWJOlFQ,"5,138,054","120,533","6,283","15,374"
CtBca6H6Teg,"2,101,006","42,389",642,"4,438"
mcqWcLDUeag,0,0,0,0
4SANXNco_y4,"261,211","5,627",248,448
-oXybog2IuI,"69,642","1,804",25,154
pcWKpGzhgq4,"1,786,394","16,411",283,660
L3br0klRqF4,"175,931",697,350,450
oRF2-ZloSqg,"1,082,689","20,168",613,"2,053"
g0K5QoEj7FQ,"60,207",220,152,100
lzgQrHFDNLE,"411,053","10,910","1,237",923
qDAxDcjgn-8,"635,518","15,899","1,402","3,258"
0ANDjPQPS_Q,"39,165","3,757",101,477
p2EY93WfBQk,"639,571","37,360",744,"2,459"
4ftGS_6i7mM,"41,541",140,17,33
9kF9xY74h-E,"2,871,088","220,370",931,"10,764"
vZzIS17HexE,"62,856",788,118,93
Y9nDagqKL7Q,"1,563,317","55,413",623,"2,352"
upEIZAihcwo,0,0,0,0
KJ12FVmumeA,"367,894","1,808",293,909
2kyS6SvSYSE,"2,921,829","102,691","8,351","22,084"
815lSYphlbw,"487,770","10,234",144,919
DbJ2s_g1oDc,"1,809,344","33,497","1,564","2,816"
Jidk0O6uu-0,"121,448","5,655",63,529
E_86MEdNsAI,"529,833","17,498",225,"1,607"
64IIfxDrhJY,"135,958","1,101",51,185
1ZAPwfrtAFY,"11,505,577","191,449","14,559","22,015"
gHZ1Qz0KiKM,"1,855,425","31,944","3,347","3,594"
k-w8GxCpsCU,"11,078",65,1,5
Cr9oGxr0Qa0,"433,939","12,783",159,"1,221"
l4bAoNAx2uo,"4,758,344","58,160","13,419","31,513"
yxFdue1dCtE,"144,999","2,046",70,273
aAm6AHr14zY,0,0,0,0
ryqZUqgjvW8,"113,702","2,701",472,"1,042"
I-5CODzeGEE,"156,233","7,100",142,"1,122"
FEjZiCPuvqQ,"82,249","2,748",59,0
ENr6CXm1YxU,"349,755","4,538",147,137
3x0usYgljOk,"20,941",306,5,88
YVfyYrEmzgM,"757,128","16,489",193,828
jGiqc3HSxEg,"481,344","19,415",333,747
R9c-_neaxeU,"228,624","8,548",87,788
5E4ZBSInqUU,"52,862,281","694,419","17,073",0
VonJ4ASDO40,"656,695","12,074",941,"2,616"
puqaWrEC7tY,"1,236,563","20,207","1,618",0
vU14JY3x81A,"1,622,164","41,115",528,"16,951"
lZ68j2J_GOM,"596,404","23,603",377,557
iyrefjMs64k,"91,270","2,492",893,944
5qpjK5DgCt4,"14,106,873","288,015","10,514","12,968"
zZ9FciUx6gs,"1,528,635","27,323","1,558","1,957"
SGVbdo2CkgI,"498,739","9,323",147,198
zxUwbflE1SY,"1,119,362","14,978",361,"5,028"
NfLVVJOuY5M,"396,980","15,851",71,580
GKUE2U2qlzY,"1,003,324","8,133",123,534
N0tmF4j4K6g,"65,125","2,454",21,166
PaJCFHXcWmM,"2,720,100","23,423","1,059","1,444"
Hq89wYzOjfs,"639,567","6,946",393,0
d380meD0W0M,"4,171,167","179,712","2,872","25,310"
MltuW2kcREI,"3,751,433","106,192","1,126","4,868"
VifQlJit6A0,"293,646","2,776",629,"2,182"
KhdecX0qjNA,"483,107","13,560",135,363
e_7zHm7GsYc,"722,572","13,096",265,0
i-LCORFB860,"2,794,745","2,410",662,406
ogYum4kWXgk,"372,012","7,343",120,0
EJu_wPGFTw0,"12,117",58,4,6
symdi5KSJts,"1,415,725","26,649",649,770
7oRdswHqaf8,"71,805","3,088",51,573
nc99ccSXST0,"2,020,059","37,275","1,415",0
F388-6yDDpc,"1,269,954","6,864",636,"3,166"
U0hAC8O7RoI,"7,710,851","114,713","23,846","10,232"
kWIzjMWmuYk,"61,645","6,496",47,"1,723"
oTObwUiXdYY,"35,583",157,46,168
_-aDHxoblr4,"426,248","19,927",197,"1,211"
kqmhCaF5_44,"128,946","1,845",142,0
eNSN6qet1kE,"1,597,021","53,277",536,"6,139"
39idVpFF7NQ,"3,969,151","24,277","3,530","2,943"
kIUHDwn51y8,"304,269","4,968",80,683
TaTleo4cOs8,"852,338","13,225",579,"2,461"
5hEJsoDP2q4,"1,534,021","59,948","1,401","2,695"
zNqCVTs38nU,"50,328",141,77,0
GgVmn66oK_A,"1,756,386","19,136","2,732",0
qC0I5PEhkJo,"116,528",165,13,34
iIxy3JN3-jc,"89,420",284,128,123
MNiweoKXwfg,"63,339",493,13,40
JBZTZZAcFTw,"893,553","8,890","1,368","1,253"
lBHPVE3AI6Y,"130,392",460,55,0
eAyxMv4IBH8,"490,782","7,021",368,354
ZAQs-ctOqXQ,"401,305","10,302",785,0
fcVjitaM3LY,"373,028","9,073",154,0
SFdO-19Xdho,"779,147","9,624",122,319
qeWvgZLz9yU,"499,218","19,058",572,0
6VhU_T463sU,"566,927","6,345",246,307
qK8AcryiniI,"75,968",60,20,33
p2hJxyF7mok,"1,729,943","7,303",536,0
wwZ-T_WQ03A,"1,434,315","22,183","1,506","1,674"
9XSULcLI6Hg,0,0,0,0
NZFhMSgbKKM,"23,914",93,75,55
hz7ukDjuq4w,"417,310","9,018",286,0
dRpNZV18N_g,"928,404","16,226",414,"2,063"
MKLlDnUqho4,"118,435","4,639",163,424
vWYyZMH_QjA,"76,899","5,433",115,0
Lz7dya576HY,"76,282",859,55,87
CBVGjS_EJok,0,0,0,0
ijJPFowBsBc,"200,557","5,470",214,346
pjuPpVLXDQg,"335,917",302,26,0
JwboxqDylgg,"55,797",341,38,63
dQvIbulWCM4,"1,655,856","61,619","2,411","4,760"
n1WpP7iowLc,"59,475,701","1,179,338","74,903","133,118"
VJlSq6h0LNg,"7,389",18,60,61
KLZl_sxSN_g,"1,748",4,No,0
n30k5CwLhS4,0,0,0,0
0mlNzVSJrT0,"155,461","2,982",214,573
bqgVB6Vl-lI,"4,176,190","49,916",680,990
BWPrk9PUwQE,"2,769,270","52,792","2,627","3,491"
QKwgif8OW1w,"2,051",11,No,2
PABlVzeldaM,"304,848",988,109,722
qooQd8AA7_M,"99,445,284","1,093,842","33,763",0
0tO_l_Ed5Rs,"576,535","22,561","21,689","8,605"
1WDj0DddCcM,"7,099",11,36,12
-JVITToppE0,760,9,2,5
w0XYVssCKjw,"415,144","10,041",238,671
0PpNlNJ6Nng,"5,552,367","168,695","2,457","21,294"
STI2fI7sKMo,"478,883","6,918","1,856",821
sH0Agabp3Rs,"24,719",465,9,261
ZhSk8mPSWCg,"4,601",54,4,25
DM-ni_LSOFE,"3,948,184","68,824","3,598","8,378"
c-3JxzN2u34,"15,610",377,7,28
9t9u_yPEidY,"80,566,957","512,702","41,358",0
9KIP-Ncp2jU,"120,409",273,61,0
eijd-yjXY9E,"25,682",792,36,111
KODzih-pYlU,"287,906","9,982",245,439
fGTfbMioezc,"83,978",535,34,69
ujyTQNNjjDU,"24,357,236","270,999","10,414",0
8tbQHHso0oY,"1,416,156","2,217",342,"1,432"
4v0nOAzcG2A,"610,955","15,641",592,"1,122"
6340tX9M_eM,"1,071,725","10,602",559,"1,167"
8mhTWqWlQzU,"7,163,516","173,079","2,147","9,853"
L_5_slz4ke4,"14,758",110,25,86
t4YAyT4ihIQ,"13,333,157","225,836","13,095","7,770"
i4YQRLQVixM,"1,344,151","3,009","1,011","1,018"
1cgK-BIrXes,"1,050,342","28,552","2,825","5,068"
ObIQ0s02UHg,"18,673,507","129,265","7,665","3,836"
Jw1Y-zhQURU,"10,029,195","68,362","13,369","6,842"
lY_0mkYDZDU,"2,393,566","40,841","1,708",0
9Th4qTv-4jE,"41,471",70,5,26
k8NxqyGcZA4,"330,982","2,876","5,801","2,219"
_Iz83-Cmt6A,"195,886","1,291",143,117
2Vv-BfVoq4g,"1,382,346,431","7,939,944","316,030",0
gLswXiRLdkA,"1,054,219","36,175","1,619","2,272"
MyEqfBkzESU,"3,029,460","44,443","7,867","9,395"
OKoL852K9uA,"184,445","5,130",333,416
-OK9i1_YYYc,"48,339","2,258",35,14
pa_oUisZZy0,"2,750,864","71,938",851,"2,422"
G8gJ4RTBxcg,"577,228",150,23,0
UFYCTJlayS4,"95,169","3,072",254,273
cccyOn99s4Y,"134,121","4,325",168,255
arJ5h2TY3I4,"4,534,568","223,716","3,046",0
-2RVw2_QyxQ,"82,165",496,28,27
uTH--XRCGxM,"500,518","12,659",130,224
xfmipNU4Odc,"1,805,322","41,933",287,"2,251"
e4FApt6z55c,"2,299,566","31,737","1,704","2,434"
RkHuWjiR-LM,"2,179,530","28,257",674,"1,425"
gEHCXl4J9Qo,"4,113,434","86,086","2,164","4,019"
2XK4omx9uMU,"17,103,992","352,261","3,970","12,809"
abGCYPCk294,"47,115","1,602",115,888
AJYb0Yom5UQ,"177,632",380,49,195
fNtLIcyjsnI,"6,971,424","37,786","2,010","1,822"
b4vTZx_AtHk,"3,702,521","128,878","14,905","13,645"
YlvCVbfS9M0,"1,466,792","43,038",757,"2,499"
DIU3xPdhCBI,"4,566,618","72,264","2,824","2,646"
Fyyua5JzD9w,"56,488",427,11,0
QFfEtKvXMAs,"3,467,262","99,207",680,0
jp9hK-jY6yY,"7,988,644","345,062","5,217","24,505"
fRj34o4hN4I,"15,882,571","242,738","6,104","38,261"
coOKvrsmQiI,"40,510,932","250,531","18,420","31,302"
p8XP7A7kvzM,"30,054,529","414,026","15,210","19,876"
8-Cjsnq8kVU,"18,685,114","403,053","8,845","16,768"
pOEzjT-SED0,"17,667,164","226,107","37,008","31,889"
p9wE8dyzEJE,"14,914,746","64,989","2,277","9,293"
duRDizP0gHQ,"2,062,993","60,271","1,110","7,084"
0O2IAz1E9Ts,"2,670,497","52,342","2,667","2,107"
TyHvyGVs42U,"1,592,852,746","7,386,420","575,429","313,171"
16W7c0mb-rE,"3,572,962","163,682","1,649","10,155"
nRafaCcfrcI,"13,717,470","676,806","7,670","28,400"
t1shnJT8NCY,"950,653","9,380","2,810","1,379"
ixxR3ZoqnF0,"12,244,509","1,183,382","8,329","91,092"
lJFqvRwOiis,"1,953,827","51,337","11,297","12,017"
9PhM-zCmTFs,"1,550,060","32,375",490,914
vKbyfdJXoDg,"2,363,367","29,421","1,230","2,611"
Lxet1zLBTM8,"3,756,853","84,525","2,034","7,054"
TWpt-ze_cYU,"2,844,774","86,327",990,"67,046"
hpapqEeb36k,"1,744,115","51,129","1,100","2,244"
EEIP1YpFXrE,"4,211,121","91,293","1,656","12,594"
Nz0qoOgyWSQ,0,0,0,0
l3xmc0pzzJI,"2,991,250","103,569","1,478","6,342"
eDelIZDzmwQ,"1,204,142","10,886",645,587
t1Liix4gi7k,"4,122,711","46,751","1,879","2,046"
DhwwTxTh5To,"796,728","18,565","2,107","2,913"
mZpGOQ7tBKE,"564,097","8,529",551,776
CziCidR4KcY,"2,229,201","45,721","2,334",0
FHl0nIdbiLA,"1,638,344","34,823","4,417","3,839"
cmoknv58jjE,"3,189,673","75,256","9,663","9,866"
MMGrzOu1amQ,"5,088,655","144,903","1,877","20,749"
8KT1UCsOE74,"1,513,473","41,971","2,569","12,429"
cxMvzK2OQTw,"1,446,360","26,212","9,097","5,993"
U5sCjnezw4o,"146,177",818,97,261
0gwkMY-mzUQ,"1,458,117","41,023","1,116","1,688"
mjBIsBPG1N8,"406,352","11,372",212,402
oMupq6zB1Tc,"1,521,398","11,580","1,797","4,231"
dUMH6DVYskc,"2,569,399","12,457","6,757","3,673"
jG1JY0rt2Os,"23,641,092","341,741","12,297",0
RrhSJzM8NLE,"2,129,782","24,079","1,323","1,174"
YvfYK0EEhK4,"3,764,993","81,805","3,408","3,727"
Y2-JjnW3w2g,"64,920","1,672",140,833
PHWAZNkqwN4,"1,672,443","30,212","1,618","2,434"
UuCq8mtK8J4,"114,922,125","950,511","25,459","18,772"
Mn-3c6of8t8,0,0,0,0
UwdLlnPaRAU,"2,458,887","55,893",653,"2,660"
5UL5wZJPLEg,"1,048,743","9,596",379,353
k1cA-Wh3Tc0,"2,065,937","31,550","2,329","8,325"
bAkEd8r7Nnw,"8,178,303","160,165","3,725","9,834"
xL_qpDkF5A8,"1,969,205","12,461",311,999
9pbCuFxRuqs,"1,264,277","34,006","1,840","4,242"
ItYOdWRo0JY,"4,676,794","53,768","53,996","13,119"
5530I_pYjbo,"14,659,718","748,529","5,847","28,758"
hXcoq5XDwyA,"154,219","7,297",164,0
ve3oQBjcAGI,"3,677,399","70,739","4,145","13,692"
C4YNcqNF4hg,"2,357,193","43,972",451,"1,047"
TN5jzDgORqQ,"831,686","5,435",376,396
i9EyFghIt5o,"172,949","6,405",395,0
4SANXNco_y4,"261,211","5,627",248,448
PGWBA_OzCE4,"73,778","2,212",101,449
uN9zBcweN4M,"253,750","1,545",73,550
Mmkf4zYlW4E,"175,949","6,831",110,398
9SK1I0V6U5c,"11,386,088","206,122","3,649","9,781"
L9eFkmjIIWA,"195,916","6,998",68,373
mcqWcLDUeag,0,0,0,0
-oXybog2IuI,"69,642","1,804",25,154
YjBB89qsupM,"3,218,757","60,530","1,674","1,276"
eQVhAN7-IAw,"2,616,785","88,397","1,217",0
UC34HrZhfPM,"41,634",471,14,192
4ftGS_6i7mM,"41,541",140,17,33
IKuKZIISPE0,"353,631","5,638",23,242
CtBca6H6Teg,"2,101,006","42,389",642,"4,438"
pcWKpGzhgq4,"1,786,394","16,411",283,660
svZScJMh4Pg,"1,737,781","54,640","1,073",0
KOUxLhYVgGw,"16,351",284,12,24
g0K5QoEj7FQ,"60,207",220,152,100
qDAxDcjgn-8,"635,518","15,899","1,402","3,258"
9WT7NU3Rwr0,"15,165",91,5,30
vZzIS17HexE,"62,856",788,118,93
upEIZAihcwo,0,0,0,0
p2EY93WfBQk,"639,571","37,360",744,"2,459"
9kF9xY74h-E,"2,871,143","220,373",931,"10,764"
Qj7DVNDb7To,"257,956","8,913",103,"6,781"
L3br0klRqF4,"175,931",697,350,450
Jidk0O6uu-0,"121,448","5,655",63,529
Y9nDagqKL7Q,"1,563,443","55,414",623,"2,352"
0ANDjPQPS_Q,"39,165","3,757",101,477
6j-s9E3dRQ0,"10,620,534","167,780","5,221","4,252"
E_86MEdNsAI,"529,833","17,498",225,"1,607"
ENr6CXm1YxU,"349,755","4,538",147,137
2kyS6SvSYSE,"2,921,829","102,691","8,351","22,084"
DbJ2s_g1oDc,"1,809,344","33,497","1,564","2,816"
dnA3Cd5xG5A,"1,354,879","22,539",576,"1,414"
gHZ1Qz0KiKM,"1,855,425","31,944","3,347","3,594"
1ZAPwfrtAFY,"11,506,174","191,450","14,559","22,015"
LduRwIc7eBA,"124,193","4,008",57,248
Cr9oGxr0Qa0,"433,939","12,783",159,"1,221"
l4bAoNAx2uo,"4,758,479","58,162","13,420","31,512"
VSVXhc5LlII,"2,034,795","15,996","2,293","3,832"
rRsstfoKQeo,"357,372",446,33,19
FEjZiCPuvqQ,"82,249","2,748",59,0
yxFdue1dCtE,"145,003","2,046",70,273
I-5CODzeGEE,"156,233","7,100",142,"1,122"
YVfyYrEmzgM,"757,128","16,489",193,828
5E4ZBSInqUU,"52,866,773","694,460","17,074",0
R9c-_neaxeU,"228,624","8,548",87,788
jGiqc3HSxEg,"481,344","19,415",333,747
yZGSIpcAfEo,0,0,0,0
VonJ4ASDO40,"656,695","12,074",941,"2,616"
NfLVVJOuY5M,"397,013","15,852",71,580
puqaWrEC7tY,"1,236,563","20,207","1,618",0
vU14JY3x81A,"1,622,164","41,115",528,"16,951"
zZ9FciUx6gs,"1,528,661","27,324","1,558","1,957"
Hq89wYzOjfs,"639,567","6,946",393,0
5qpjK5DgCt4,"14,107,569","288,024","10,514","12,969"
iyrefjMs64k,"91,270","2,492",893,944
zxUwbflE1SY,"1,119,362","14,978",361,"5,028"
GKUE2U2qlzY,"1,003,324","8,133",123,534
PaJCFHXcWmM,"2,720,225","23,423","1,058","1,444"
lZ68j2J_GOM,"596,406","23,604",377,557
MltuW2kcREI,"3,751,916","106,197","1,129","4,868"
VifQlJit6A0,"293,646","2,776",629,"2,182"
d380meD0W0M,"4,171,370","179,714","2,872","25,310"
N0tmF4j4K6g,"65,155","2,453",21,166
U0hAC8O7RoI,"7,711,039","114,714","23,846","10,232"
nc99ccSXST0,"2,020,059","37,275","1,415",0
_-aDHxoblr4,"426,248","19,927",197,"1,211"
F388-6yDDpc,"1,269,954","6,864",636,"3,166"
oTObwUiXdYY,"35,583",157,46,168
e_7zHm7GsYc,"722,675","13,097",265,0
7oRdswHqaf8,"71,805","3,088",51,573
kWIzjMWmuYk,"61,645","6,496",47,"1,723"
EJu_wPGFTw0,"12,117",58,4,6
ogYum4kWXgk,"372,012","7,343",120,0
DVAMKnfrQBk,"1,189,980","5,323",370,766
x-uBFJLY8Ow,"7,539",220,7,0
qrPPj3e2M-M,"145,512","5,551",124,487
QiIlcKiREUU,"195,719",901,48,222
9xSx-5tmq44,"350,728","9,356",407,899
eOQpjvnm4ME,"2,529,875","23,759","2,515","3,725"
w8vsuOXZBXc,"10,334,869","235,741","5,769","14,257"
5HOijUtExiM,"956,556","27,959","2,308","2,574"
asu37n6sEBY,"2,304,140","17,835","1,148",0
ZpS-w6BxN-U,"646,277","3,705",202,323
Qf1xyI_iKWA,"227,134","11,090",386,"1,244"
6uJf2IT2Zh8,"101,423,685","1,326,201","41,964","106,869"
i9GSF3ROa58,"10,668,634","188,172","6,512","14,713"
BQ_0QLL2gqI,"60,660,247","609,023","11,961","12,626"
qS6LoRYUdhw,"3,110,172","86,863","1,533","5,971"
mNhxFzR25Rs,"1,309,338","36,381",285,"1,488"
djlaHJCXT4o,"55,289",250,124,22
8-u5nd2GqNE,"4,945,135","95,116","3,420","14,484"
88kkrRv1UgI,"512,646","17,501",969,"2,128"
kz3MEd1Jr0Q,"11,604,751","174,184","3,485","6,505"
By6Mi7VlqcU,"311,378","2,685","1,560","1,234"
dcipHnWcB0w,"1,453,152","10,415",613,651
6GT7PrIIS5I,"431,209","7,109",813,540
2r_nGjgqPE0,"1,850,933","56,025",654,"1,550"
VNqrILFD5h0,"168,145",690,222,158
Pubtjn5QIjg,"419,626","5,005",887,131
gk05IMU2RrU,"304,465","12,151",418,732
S_5TyDFx6kc,"330,159","16,766",125,465
pvg2cw5oshg,"777,283","7,889",390,0
mHaJ8xsWD3s,"592,633","10,540",432,"1,156"
cDDF4pPwEUU,"48,550",583,5,132
FKA-Jy6nuE0,"186,154","2,611",124,66
pQXwQVaQmGk,"166,757","1,955",31,161
KhxqJzr6FAE,"102,656","7,886",45,554
tG4Fbj1B1bY,"1,635,940","12,255",665,662
TsYGNNPQ3ZU,"463,561","21,215",279,0
GIn4CeZq7Nw,"133,586","1,715",142,166
szs2GAYwMHo,"1,015,945","6,178",189,191
AJkOHavUH_A,"120,238","5,804","5,719",0
kOCkne-Bku4,"43,929,444","420,573","5,781",0
OlJykKOuank,"127,292","5,144",43,122
K6xwB8Kkce0,"4,615,224","256,044","1,445","9,460"
AJ2xkh-6tL4,"45,388",407,95,309
Gnxv9OH-giQ,"840,995","31,530",346,"2,041"
qqs3fxfmWr4,"2,593,814","20,555",691,988
77McSTzTgg8,"45,108",296,232,0
W8vXDp7NuFs,"2,028,655","48,027",832,"1,861"
C_SJgw5MVFY,"75,641","2,714",68,244
P7zi6oQ4fPQ,"2,824",9,1,0
aAm6AHr14zY,0,0,0,0
7xhxjcejONk,"45,616",19,1,2
J7wMOb0WIfQ,"13,389",7,No,0
k-w8GxCpsCU,"11,078",65,1,5
QJfL0a3qEKw,"23,038","1,613",19,200
ZJDMWVZta3M,"87,236,515","524,650","35,786","43,547"
cH4E_t3m3xM,"207,058,709","2,336,786","61,104","93,409"
60nDlMw5vFQ,"1,160,798","21,924","1,138","3,033"
LDVXOo_HXKU,"4,691,123","57,865","2,660","2,851"
_wS7seijyks,"1,588,992","30,069",935,"3,132"
TyHvyGVs42U,"1,592,917,314","7,386,600","575,435","313,183"
jGyUVyp9w9g,"1,113,063","13,842",487,859
tr7I4vokl78,"1,008,570","6,986",503,853
w8vsuOXZBXc,"10,335,100","235,745","5,769","14,257"
coOKvrsmQiI,"40,511,511","250,533","18,420","31,302"
B4mK5OElAFQ,"592,966","27,126",634,"6,236"
By6Mi7VlqcU,"311,387","2,686","1,560","1,234"
BQ_0QLL2gqI,"60,661,394","609,041","11,963","12,627"
eOQpjvnm4ME,"2,529,916","23,760","2,515","3,725"
Y1n8F4uClUU,"5,240,791","30,353","1,913","3,864"
asu37n6sEBY,"2,304,140","17,835","1,148",0
ctx4YBEdOxo,"4,475,840","114,476","4,472","12,894"
fRj34o4hN4I,"15,882,705","242,739","6,104","38,261"
dpeDxEb9yeg,"1,662,132","34,144",797,"1,390"
D818vkK10UQ,"532,000","14,541",552,524
Qf1xyI_iKWA,"227,134","11,090",386,"1,244"
6GT7PrIIS5I,"431,209","7,109",813,540
FZiCWBplZ90,"545,685","37,457",660,"2,800"
i9GSF3ROa58,"10,668,955","188,174","6,512","14,713"
pOEzjT-SED0,"17,667,479","226,111","37,009","31,889"
6uJf2IT2Zh8,"101,427,792","1,326,265","41,964","106,870"
p9wE8dyzEJE,"14,915,318","64,991","2,278","9,293"
p8XP7A7kvzM,"30,055,274","414,038","15,211","19,876"
nfbwPTsowEA,"1,364,364","65,561","1,981","4,094"
VNqrILFD5h0,"168,145",690,222,158
mNhxFzR25Rs,"1,309,358","36,382",285,"1,488"
qS6LoRYUdhw,"3,110,172","86,863","1,533","5,971"
88kkrRv1UgI,"512,646","17,501",969,"2,128"
duRDizP0gHQ,"2,063,024","60,272","1,110","7,084"
kz3MEd1Jr0Q,"11,604,797","174,186","3,485","6,505"
8-Cjsnq8kVU,"18,685,364","403,063","8,845","16,768"
16W7c0mb-rE,"3,573,006","163,680","1,649","10,155"
JLOFZoBJnd8,"993,185","39,491",426,"1,298"
gk05IMU2RrU,"304,465","12,151",418,732
dcipHnWcB0w,"1,453,152","10,415",613,651
U5sCjnezw4o,"146,177",818,97,261
0O2IAz1E9Ts,"2,670,497","52,342","2,667","2,107"
nRafaCcfrcI,"13,717,691","676,814","7,670","28,400"
8-u5nd2GqNE,"4,945,197","95,119","3,420","14,484"
2r_nGjgqPE0,"1,850,933","56,025",654,"1,550"
t1shnJT8NCY,"950,653","9,380","2,810","1,379"
wJh-jurxmGQ,"639,367","2,503",231,0
9PhM-zCmTFs,"1,550,060","32,375",490,914
pvg2cw5oshg,"777,283","7,889",390,0
ixxR3ZoqnF0,"12,244,550","1,183,383","8,329","91,092"
TsYGNNPQ3ZU,"463,561","21,215",279,0
GIn4CeZq7Nw,"133,586","1,715",142,166
MGanJGGVSrw,"6,058,056","93,189","2,114","3,245"
FKA-Jy6nuE0,"186,154","2,611",124,66
UB1cGaIW81I,"140,047","1,620",44,95
mHaJ8xsWD3s,"592,633","10,540",432,"1,156"
tG4Fbj1B1bY,"1,635,940","12,255",665,662
S_5TyDFx6kc,"330,159","16,766",125,465
Nz0qoOgyWSQ,0,0,0,0
mZpGOQ7tBKE,"564,097","8,529",551,776
TWpt-ze_cYU,"2,844,851","86,329",990,"67,047"
UuCq8mtK8J4,"114,924,226","950,527","25,459","18,772"
iASe_veKR74,"875,008","19,240",435,741
CziCidR4KcY,"2,229,432","45,722","2,334",0
PHWAZNkqwN4,"1,672,443","30,212","1,618","2,434"
hpapqEeb36k,"1,744,179","51,131","1,100","2,244"
EEIP1YpFXrE,"4,211,146","91,294","1,656","12,595"
svZScJMh4Pg,"1,737,781","54,640","1,073",0
KGziD2V8Ppw,"1,474,332","46,482","1,241","2,536"
KhxqJzr6FAE,"102,656","7,886",45,554
Pubtjn5QIjg,"419,626","5,005",887,131
DhwwTxTh5To,"796,728","18,565","2,107","2,913"
szs2GAYwMHo,"1,015,945","6,178",189,191
l3xmc0pzzJI,"2,991,250","103,569","1,478","6,342"
AJkOHavUH_A,"120,254","5,805","5,719",0
0gwkMY-mzUQ,"1,458,117","41,023","1,116","1,688"
FHl0nIdbiLA,"1,638,344","34,823","4,417","3,839"
K6xwB8Kkce0,"4,615,383","256,049","1,445","9,466"
MMGrzOu1amQ,"5,088,770","144,905","1,877","20,749"
mjBIsBPG1N8,"406,352","11,372",212,402
8KT1UCsOE74,"1,513,473","41,971","2,569","12,429"
cDDF4pPwEUU,"48,550",583,5,132
jG1JY0rt2Os,"23,641,593","341,740","12,297",0
RrhSJzM8NLE,"2,129,904","24,080","1,323","1,174"
cmoknv58jjE,"3,189,673","75,256","9,663","9,866"
9pbCuFxRuqs,"1,264,277","34,006","1,840","4,242"
Mn-3c6of8t8,0,0,0,0
kOCkne-Bku4,"43,931,750","420,598","5,782",0
cxMvzK2OQTw,"1,446,360","26,212","9,097","5,993"
UwdLlnPaRAU,"2,458,968","55,896",653,"2,660"
dUMH6DVYskc,"2,569,399","12,457","6,757","3,673"
Y2-JjnW3w2g,"64,920","1,672",140,833
YvfYK0EEhK4,"3,765,097","81,809","3,408","3,727"
YjBB89qsupM,"3,218,788","60,531","1,674","1,276"
k1cA-Wh3Tc0,"2,065,937","31,550","2,329","8,325"
xL_qpDkF5A8,"1,969,205","12,461",311,999
uN9zBcweN4M,"253,759","1,545",73,550
bAkEd8r7Nnw,"8,178,415","160,168","3,725","9,834"
hXcoq5XDwyA,"154,219","7,297",164,0
AJ2xkh-6tL4,"45,388",407,95,309
IeTTfquV0iE,"98,048","2,820",42,0
C4YNcqNF4hg,"2,357,213","43,973",451,"1,047"
5530I_pYjbo,"14,660,906","748,605","5,847","28,759"
ve3oQBjcAGI,"3,677,399","70,739","4,145","13,692"
Mmkf4zYlW4E,"175,949","6,831",110,398
QaASZecxQww,0,0,0,0
i9EyFghIt5o,"172,949","6,405",395,0
qqs3fxfmWr4,"2,593,977","20,556",691,988
9SK1I0V6U5c,"11,386,634","206,126","3,649","9,781"
mcqWcLDUeag,0,0,0,0
OlJykKOuank,"127,292","5,144",43,122
ItYOdWRo0JY,"4,676,880","53,770","54,000","13,119"
eQVhAN7-IAw,"2,616,855","88,401","1,217",0
FvoPOdop0hA,0,0,0,0
g3VgrgV3kFk,"1,464",5,2,1
p7KHGUwqF24,0,0,0,0
rRsstfoKQeo,"357,372",446,33,19
L9eFkmjIIWA,"195,916","6,998",68,373
-oXybog2IuI,"69,642","1,804",25,154
Gnxv9OH-giQ,"840,995","31,530",346,"2,041"
pcWKpGzhgq4,"1,786,394","16,411",283,660
CtBca6H6Teg,"2,101,006","42,389",642,"4,438"
PGWBA_OzCE4,"73,778","2,212",101,449
9WT7NU3Rwr0,"15,165",91,5,30
Qj7DVNDb7To,"257,956","8,913",103,"6,781"
qDAxDcjgn-8,"635,518","15,899","1,402","3,258"
fdpYWltgYMk,"16,000",697,4,44
W8vXDp7NuFs,"2,028,655","48,027",832,"1,861"
4ftGS_6i7mM,"41,541",140,17,33
aHsfKnrNCG4,"7,743",42,3,3
vZzIS17HexE,"62,856",788,118,93
CvpwGru3s7s,0,0,0,0
g0K5QoEj7FQ,"60,207",220,152,100
upEIZAihcwo,0,0,0,0
77McSTzTgg8,"45,108",296,232,0
p2EY93WfBQk,"639,571","37,360",744,"2,459"
rO_mAQC9bv0,"16,726",38,2,0
aujUl3yt6nM,"17,088",123,2,30
9kF9xY74h-E,"2,871,245","220,375",931,"10,764"
P7zi6oQ4fPQ,"2,824",9,1,0
xhBMUFDdiok,"107,245","1,894",97,70
L3br0klRqF4,"175,931",697,350,450
oddXT5uaRb8,"4,371,305","271,008","3,218","13,091"
E_86MEdNsAI,"529,833","17,498",225,"1,607"
Y9nDagqKL7Q,"1,563,443","55,414",623,"2,352"
0ANDjPQPS_Q,"39,165","3,757",101,477
D-DYWvnrFs8,"363,486","6,476",66,515
Jidk0O6uu-0,"121,448","5,655",63,529
C_SJgw5MVFY,"75,641","2,714",68,244
LduRwIc7eBA,"124,193","4,008",57,248
DbJ2s_g1oDc,"1,809,344","33,497","1,564","2,816"
ENr6CXm1YxU,"349,816","4,540",147,137
FEjZiCPuvqQ,"82,249","2,748",59,0
VSVXhc5LlII,"2,034,795","15,996","2,293","3,832"
gHZ1Qz0KiKM,"1,855,425","31,944","3,347","3,594"
6j-s9E3dRQ0,"10,620,981","167,786","5,221","4,252"
l4bAoNAx2uo,"4,758,479","58,162","13,420","31,512"
Cr9oGxr0Qa0,"433,939","12,783",159,"1,221"
1ZAPwfrtAFY,"11,506,464","191,453","14,559","22,015"
2kyS6SvSYSE,"2,921,829","102,691","8,351","22,084"
aAm6AHr14zY,0,0,0,0
5E4ZBSInqUU,"52,870,676","694,504","17,077",0
NfLVVJOuY5M,"397,013","15,852",71,580
yxFdue1dCtE,"145,003","2,046",70,273
7xhxjcejONk,"45,616",19,1,2
I-5CODzeGEE,"156,233","7,100",142,"1,122"
YVfyYrEmzgM,"757,128","16,489",193,828
VonJ4ASDO40,"656,727","12,075",941,"2,616"
J7wMOb0WIfQ,"13,389",7,No,0
Hq89wYzOjfs,"639,567","6,946",393,0
N0tmF4j4K6g,"65,155","2,453",21,166
zZ9FciUx6gs,"1,528,661","27,324","1,558","1,957"
R9c-_neaxeU,"228,624","8,548",87,788
iyrefjMs64k,"91,270","2,492",893,944
puqaWrEC7tY,"1,236,563","20,207","1,618",0
jGiqc3HSxEg,"481,344","19,415",333,747
vU14JY3x81A,"1,622,164","41,115",528,"16,951"
XrDlDj9DfZs,"211,799","2,410",114,179
MKLlDnUqho4,"118,435","4,639",163,424
PaJCFHXcWmM,"2,720,333","23,424","1,058","1,444"
MltuW2kcREI,"3,752,276","106,206","1,129","4,868"
5qpjK5DgCt4,"14,108,548","288,035","10,516","12,969"
lZ68j2J_GOM,"596,406","23,604",377,557
zxUwbflE1SY,"1,119,362","14,978",361,"5,028"
U0hAC8O7RoI,"7,711,195","114,715","23,847","10,232"
k-w8GxCpsCU,"11,078",65,1,5
d380meD0W0M,"4,171,370","179,714","2,872","25,310"
nc99ccSXST0,"2,020,059","37,275","1,415",0
7oRdswHqaf8,"71,805","3,088",51,573
oTObwUiXdYY,"35,583",157,46,168
eNSN6qet1kE,"1,597,067","53,279",536,"6,139"
AZQvPibYXRo,"898,231","4,987",320,"1,503"
VifQlJit6A0,"293,646","2,776",629,"2,182"
iIxy3JN3-jc,"89,420",284,128,123
_-aDHxoblr4,"426,248","19,927",197,"1,211"
SFdO-19Xdho,"779,147","9,624",122,319
e_7zHm7GsYc,"722,675","13,097",265,0
x-uBFJLY8Ow,"7,539",220,7,19
EJu_wPGFTw0,"12,117",58,4,6
DVAMKnfrQBk,"1,189,980","5,323",370,766
UhZ56rcWwRQ,"8,585,691","53,317","10,012","10,093"
ai_UWoM37dI,"8,240,643","398,687","9,711","102,399"
LymuZ8abvmc,"2,808,884","18,065","2,532","2,397"
8mCcM-PUmLM,"3,365,751","141,704","1,670","10,835"
8sAApdJdG3A,"650,346","4,209",301,"1,408"
0s6-iFoCFNQ,"7,350,551","57,336","1,728","6,289"
aKPz583WRpQ,0,0,0,0
n6xzsLDzyBk,0,0,0,0
pVypbknP4A8,"1,081,085","12,027","1,028","1,699"
WXlr35jV3cw,0,0,0,0
XY5OYFc1tzU,"604,410","17,735","1,400","1,646"
PliRMGvytnA,"4,522,049","131,399","1,668","11,682"
A6-P1-xxF9Y,0,0,0,0
xnBtEib-H9E,"402,132","4,334",348,589
hLgIghY-FGc,"5,141,694","110,194","3,668","13,705"
9Tb3xPmr3yg,"93,796",599,61,515
NNywashg_mw,"44,888",217,48,110
5n9xafjynJA,"2,565,238","38,681","1,039","5,742"
UrSxvUc5R6Q,"83,869","2,303",199,"1,189"
wc4v9uT6GWc,"26,483",173,28,0
Q11GPMvTxQE,"115,217",670,80,0
ssVrzoCgr_w,"1,946,624","17,338",835,"1,891"
wuEKwkTqdw4,"26,359",269,356,539
n47bRyBKjsw,"108,258","2,024",62,189
r15_6z9xryo,"18,596,686","131,608","11,663","9,781"
fQvGSkTYJSE,"1,376,849","11,989",916,0
eKwAib6LosM,"7,181,303","62,764","2,212",0
KkhR9z6pAMs,"7,705",16,2,4
NSgMcs1KdTI,"268,328","5,752",126,143
5PB2YzNddI8,"2,439,204","53,651","1,122",0
YbHdBoHMxK4,"5,265,649","73,969",946,515
aHKzU_rXdw8,"1,722,160","40,274",512,"1,255"
WbYqfpnw7sE,"4,733",11,No,0
rutlOmdgqgI,"191,562",765,54,51
nUv22OHdjQU,"4,657,945","39,945","9,077",0
fEjag-a7TyU,"1,316,714","11,071",580,"1,105"
3k6RD9zVvpE,"13,870,837","415,436","3,692","20,511"
-El8z4uy5Ac,"1,110,171","22,556","1,534","2,472"
w2Es7-c9GAk,"2,397,831","11,086","2,748","1,891"
B-PVT_rclnM,"1,055,421","40,061","1,168","1,626"
6LuHS7ZeSjE,"3,790,885","66,891","1,978","2,808"
R8hccXRk3MI,"726,556","10,590","1,583",0
wx-M8sxcOp8,"1,811,577","11,588",863,"4,473"
jH2t4Tcl3Pg,0,0,0,0
3oXhLdeuxDw,"1,323,315","12,092",381,"1,796"
aVpvVq_yZLM,"176,552",704,858,"1,086"
luZEZgZNFAg,"667,135","14,583",455,741
zOgle88sKro,"803,589","26,596",229,"1,160"
YkLzdHTv3G0,"923,197","40,255","1,005","1,771"
FZ_jNGKCIWs,"456,345","10,897",873,"2,163"
G_UHknhNbAQ,"1,278,186","25,972","1,022","3,952"
iBy6XRHPODQ,"1,955,893","30,369",277,"1,938"
dLRZTBtdMUg,"243,692","3,822",135,0
vNya04dlC4I,"76,710",212,292,228
ZkPSbp3zTfo,"5,708,486","105,198","4,958","8,464"
euaGS3tPRBw,"3,082,484","39,093","2,395","3,145"
X_tYrnv_o6A,"750,846","40,845",322,"4,425"
FaJmopuuhZE,"596,933","8,178",325,0
iatq3Rn4vsg,"1,645,650","33,239",462,"2,577"
TIQqb80eg24,"6,219,656","200,960","3,643","12,413"
f45Va7jMSx4,"354,190","8,866",251,364
qv9Gt38LOKQ,"1,205,570","31,484",909,0
r4a5ZzHclCs,"119,425","4,936",71,275
Kn5UgGQukYQ,"42,415",None,None,0
uLHygq6Mm-0,"117,937","1,143",59,194
aD5dCMBeySA,"233,255","2,170",91,300
U44YLdW9AL4,"466,269","15,258",442,"2,003"
cyhU06cXfeU,"2,215,243","103,748","1,089","16,457"
Djxjmq9pvrM,"214,637","5,006",242,377
KQkkgD2p3Ow,"1,895,616","13,701","1,283","1,403"
caN18WcW5XU,"142,663","1,630",42,0
j7I-d1B6HwE,"151,900",374,131,83
VMRIc4ayRlM,"146,443","3,593",564,"3,726"
6SjslBAJkJI,"1,789,284","24,163",666,0
WeOwqu6gOPs,"558,215","19,860",133,415
F86S9Uc4mP4,"1,796,256","14,760","1,290","5,734"
ZvdTNDMru78,"116,864",963,98,109
Q1EgRiVdT5w,"245,629","8,998",283,341
nenhv6uTdmw,"250,448","3,365",248,351
c8DogLWrs90,"82,238","2,019",63,180
jPkRGHivRD8,"129,093","4,417",219,591
wPib0uRFmC0,"169,485","6,662",45,400
b6fepBtNgVM,"8,431,755","271,396","2,501","10,302"
A_mlvG_nRsg,0,0,0,0
k_YtadXMmD4,"349,929",657,17,0
